Cust_id,Customer_Name,Province,Region,Customer_Segment
Cust_1,MUHAMMED MACINTYRE,NUNAVUT,NUNAVUT,SMALL BUSINESS
Cust_2,BARRY FRENCH,NUNAVUT,NUNAVUT,CONSUMER
Cust_3,CLAY ROZENDAL,NUNAVUT,NUNAVUT,CORPORATE
Cust_4,CARLOS SOLTERO,NUNAVUT,NUNAVUT,CONSUMER
Cust_5,CARL JACKSON,NUNAVUT,NUNAVUT,CORPORATE
Cust_6,MONICA FEDERLE,NUNAVUT,NUNAVUT,CORPORATE
Cust_7,DOROTHY BADDERS,NUNAVUT,NUNAVUT,HOME OFFICE
Cust_8,NEOLA SCHNEIDER,NUNAVUT,NUNAVUT,HOME OFFICE
Cust_9,CARLOS DALY,NUNAVUT,NUNAVUT,HOME OFFICE
Cust_10,CLAUDIA MINER,NUNAVUT,NUNAVUT,SMALL BUSINESS
Cust_11,ALLEN ROSENBLATT,NUNAVUT,NUNAVUT,SMALL BUSINESS
Cust_12,SYLVIA FOULSTON,NUNAVUT,NUNAVUT,HOME OFFICE
Cust_13,JIM RADFORD,NUNAVUT,NUNAVUT,CORPORATE
Cust_14,CARL LUDWIG,NUNAVUT,NUNAVUT,CORPORATE
Cust_15,DON MILLER,NUNAVUT,NUNAVUT,HOME OFFICE
Cust_16,ANNIE CYPRUS,NUNAVUT,NUNAVUT,HOME OFFICE
Cust_17,GRANT CARROLL,NUNAVUT,NUNAVUT,SMALL BUSINESS
Cust_18,ALAN BARNES,NUNAVUT,NUNAVUT,CORPORATE
Cust_19,JACK GARZA,NUNAVUT,NUNAVUT,CORPORATE
Cust_20,JULIA WEST,NUNAVUT,NUNAVUT,CORPORATE
Cust_21,EUGENE BARCHAS,NUNAVUT,NUNAVUT,CORPORATE
Cust_22,EDWARD HOOKS,NUNAVUT,NUNAVUT,CONSUMER
Cust_23,BRAD EASON,NUNAVUT,NUNAVUT,SMALL BUSINESS
Cust_24,NICOLE HANSEN,NUNAVUT,NUNAVUT,SMALL BUSINESS
Cust_25,DOROTHY WARDLE,NUNAVUT,NUNAVUT,CORPORATE
Cust_26,AARON BERGMAN,NUNAVUT,NUNAVUT,CORPORATE
Cust_27,DON JONES,NUNAVUT,NUNAVUT,CORPORATE
Cust_28,BETH THOMPSON,NUNAVUT,NUNAVUT,CORPORATE
Cust_29,FRANK PRICE,NUNAVUT,NUNAVUT,CORPORATE
Cust_30,MICHELLE LONSDALE,NUNAVUT,NUNAVUT,HOME OFFICE
Cust_31,ANN CHONG,NUNAVUT,NUNAVUT,CORPORATE
Cust_32,JOY BELL,NUNAVUT,NUNAVUT,HOME OFFICE
Cust_33,SKYE NORLING,NUNAVUT,NUNAVUT,HOME OFFICE
Cust_34,BARRY WEIRICH,NUNAVUT,NUNAVUT,CORPORATE
Cust_35,GRANT CARROLL,NUNAVUT,NUNAVUT,CORPORATE
Cust_36,ADRIAN HANE,NUNAVUT,NUNAVUT,CORPORATE
Cust_37,ANDREW GJERTSEN,NUNAVUT,NUNAVUT,CONSUMER
Cust_38,RALPH KNIGHT,NUNAVUT,NUNAVUT,CONSUMER
Cust_39,BETH PAIGE,NUNAVUT,NUNAVUT,CONSUMER
Cust_40,SYLVIA FOULSTON,NUNAVUT,NUNAVUT,CORPORATE
Cust_41,BETH PAIGE,NORTHWEST TERRITORIES,NORTHWEST TERRITORIES,CONSUMER
Cust_42,SYLVIA FOULSTON,NORTHWEST TERRITORIES,NORTHWEST TERRITORIES,CORPORATE
Cust_43,BRYAN DAVIS,NORTHWEST TERRITORIES,NORTHWEST TERRITORIES,CORPORATE
Cust_44,JOY BELL,NORTHWEST TERRITORIES,NORTHWEST TERRITORIES,HOME OFFICE
Cust_45,ALAN BARNES,NORTHWEST TERRITORIES,NORTHWEST TERRITORIES,CORPORATE
Cust_46,GRANT CARROLL,NORTHWEST TERRITORIES,NORTHWEST TERRITORIES,CORPORATE
Cust_47,DELFINA LATCHFORD,NORTHWEST TERRITORIES,NORTHWEST TERRITORIES,SMALL BUSINESS
Cust_48,DON JONES,NORTHWEST TERRITORIES,NORTHWEST TERRITORIES,CORPORATE
Cust_49,DOUG BICKFORD,NORTHWEST TERRITORIES,NORTHWEST TERRITORIES,CORPORATE
Cust_50,JAMIE KUNITZ,NORTHWEST TERRITORIES,NORTHWEST TERRITORIES,CORPORATE
Cust_51,ANTHONY JOHNSON,NORTHWEST TERRITORIES,NORTHWEST TERRITORIES,SMALL BUSINESS
Cust_52,RALPH KNIGHT,NORTHWEST TERRITORIES,NORTHWEST TERRITORIES,CONSUMER
Cust_53,ALLEN ROSENBLATT,NORTHWEST TERRITORIES,NORTHWEST TERRITORIES,SMALL BUSINESS
Cust_54,BARRY WEIRICH,NORTHWEST TERRITORIES,NORTHWEST TERRITORIES,CORPORATE
Cust_55,CARL JACKSON,NORTHWEST TERRITORIES,NORTHWEST TERRITORIES,HOME OFFICE
Cust_56,BRENDAN DODSON,NORTHWEST TERRITORIES,NORTHWEST TERRITORIES,CORPORATE
Cust_57,EDWARD HOOKS,NORTHWEST TERRITORIES,NORTHWEST TERRITORIES,CONSUMER
Cust_58,MICHELLE LONSDALE,NORTHWEST TERRITORIES,NORTHWEST TERRITORIES,HOME OFFICE
Cust_59,HUNTER GLANTZ,NORTHWEST TERRITORIES,NORTHWEST TERRITORIES,CORPORATE
Cust_60,EUGENE BARCHAS,NORTHWEST TERRITORIES,NORTHWEST TERRITORIES,HOME OFFICE
Cust_61,JIM RADFORD,NORTHWEST TERRITORIES,NORTHWEST TERRITORIES,CORPORATE
Cust_62,CARLOS SOLTERO,NORTHWEST TERRITORIES,NORTHWEST TERRITORIES,SMALL BUSINESS
Cust_63,GRANT CARROLL,NORTHWEST TERRITORIES,NORTHWEST TERRITORIES,SMALL BUSINESS
Cust_64,SKYE NORLING,NORTHWEST TERRITORIES,NORTHWEST TERRITORIES,HOME OFFICE
Cust_65,MUHAMMED MACINTYRE,NORTHWEST TERRITORIES,NORTHWEST TERRITORIES,SMALL BUSINESS
Cust_66,DOUG BICKFORD,NORTHWEST TERRITORIES,NORTHWEST TERRITORIES,SMALL BUSINESS
Cust_67,BETH THOMPSON,NORTHWEST TERRITORIES,NORTHWEST TERRITORIES,CORPORATE
Cust_68,DOROTHY BADDERS,NORTHWEST TERRITORIES,NORTHWEST TERRITORIES,HOME OFFICE
Cust_69,JULIA WEST,NORTHWEST TERRITORIES,NORTHWEST TERRITORIES,CORPORATE
Cust_70,BRAD EASON,NORTHWEST TERRITORIES,NORTHWEST TERRITORIES,SMALL BUSINESS
Cust_71,THOMAS SEIO,NORTHWEST TERRITORIES,NORTHWEST TERRITORIES,HOME OFFICE
Cust_72,MONICA FEDERLE,NORTHWEST TERRITORIES,NORTHWEST TERRITORIES,CORPORATE
Cust_73,FRANK PRICE,NORTHWEST TERRITORIES,NORTHWEST TERRITORIES,CORPORATE
Cust_74,NICOLE HANSEN,NORTHWEST TERRITORIES,NORTHWEST TERRITORIES,CORPORATE
Cust_75,NICOLE HANSEN,NORTHWEST TERRITORIES,NORTHWEST TERRITORIES,SMALL BUSINESS
Cust_76,CARLOS SOLTERO,NORTHWEST TERRITORIES,NORTHWEST TERRITORIES,CONSUMER
Cust_77,DON MILLER,NORTHWEST TERRITORIES,NORTHWEST TERRITORIES,HOME OFFICE
Cust_78,BECKY CASTELL,NORTHWEST TERRITORIES,NORTHWEST TERRITORIES,CONSUMER
Cust_79,DOROTHY WARDLE,NORTHWEST TERRITORIES,NORTHWEST TERRITORIES,CORPORATE
Cust_80,ANN CHONG,NORTHWEST TERRITORIES,NORTHWEST TERRITORIES,CORPORATE
Cust_81,CLAY ROZENDAL,NORTHWEST TERRITORIES,NORTHWEST TERRITORIES,CORPORATE
Cust_82,CARLOS DALY,NORTHWEST TERRITORIES,NORTHWEST TERRITORIES,HOME OFFICE
Cust_83,CARI SCHNELLING,NORTHWEST TERRITORIES,NORTHWEST TERRITORIES,HOME OFFICE
Cust_84,CHAD CUNNINGHAM,NORTHWEST TERRITORIES,NORTHWEST TERRITORIES,SMALL BUSINESS
Cust_85,BRYAN MILLS,NORTHWEST TERRITORIES,NORTHWEST TERRITORIES,SMALL BUSINESS
Cust_86,ADRIAN HANE,NORTHWEST TERRITORIES,NORTHWEST TERRITORIES,CORPORATE
Cust_87,RICK REED,NORTHWEST TERRITORIES,NORTHWEST TERRITORIES,CONSUMER
Cust_88,HEATHER KIRKLAND,NORTHWEST TERRITORIES,NORTHWEST TERRITORIES,HOME OFFICE
Cust_89,FRED WASSERMAN,NORTHWEST TERRITORIES,NORTHWEST TERRITORIES,HOME OFFICE
Cust_90,CLAUDIA MINER,NORTHWEST TERRITORIES,NORTHWEST TERRITORIES,SMALL BUSINESS
Cust_91,JACK LEBRON,NORTHWEST TERRITORIES,NORTHWEST TERRITORIES,CORPORATE
Cust_92,JULIA WEST,NORTHWEST TERRITORIES,NORTHWEST TERRITORIES,HOME OFFICE
Cust_93,EUGENE BARCHAS,NORTHWEST TERRITORIES,NORTHWEST TERRITORIES,CORPORATE
Cust_94,CARL LUDWIG,NORTHWEST TERRITORIES,NORTHWEST TERRITORIES,CORPORATE
Cust_95,JULIA WEST,NORTHWEST TERRITORIES,NORTHWEST TERRITORIES,SMALL BUSINESS
Cust_96,MIKE PELLETIER,NORTHWEST TERRITORIES,NORTHWEST TERRITORIES,CORPORATE
Cust_97,CHARLES MCCROSSIN,NORTHWEST TERRITORIES,NORTHWEST TERRITORIES,CORPORATE
Cust_98,ANNIE CYPRUS,NORTHWEST TERRITORIES,NORTHWEST TERRITORIES,HOME OFFICE
Cust_99,MICHELLE LONSDALE,NORTHWEST TERRITORIES,NORTHWEST TERRITORIES,CORPORATE
Cust_100,CHARLOTTE MELTON,NORTHWEST TERRITORIES,NORTHWEST TERRITORIES,HOME OFFICE
Cust_101,BARRY FRENCH,NORTHWEST TERRITORIES,NORTHWEST TERRITORIES,CONSUMER
Cust_102,HENRY GOLDWYN,NORTHWEST TERRITORIES,NORTHWEST TERRITORIES,SMALL BUSINESS
Cust_103,ROY SKARIA,NORTHWEST TERRITORIES,NORTHWEST TERRITORIES,CORPORATE
Cust_104,JEREMY LONSDALE,NORTHWEST TERRITORIES,NORTHWEST TERRITORIES,CORPORATE
Cust_105,CARLOS DALY,NORTHWEST TERRITORIES,NORTHWEST TERRITORIES,CORPORATE
Cust_106,CINDY SCHNELLING,NORTHWEST TERRITORIES,NORTHWEST TERRITORIES,CORPORATE
Cust_107,SUSAN VITTORINI,NORTHWEST TERRITORIES,NORTHWEST TERRITORIES,CORPORATE
Cust_108,TOBY BRAUNHARDT,NORTHWEST TERRITORIES,NORTHWEST TERRITORIES,CORPORATE
Cust_109,JULIA WEST,NORTHWEST TERRITORIES,NORTHWEST TERRITORIES,CONSUMER
Cust_110,SUSAN VITTORINI,NORTHWEST TERRITORIES,NORTHWEST TERRITORIES,HOME OFFICE
Cust_111,MIKE PELLETIER,NORTHWEST TERRITORIES,NORTHWEST TERRITORIES,SMALL BUSINESS
Cust_112,NEOLA SCHNEIDER,NORTHWEST TERRITORIES,NORTHWEST TERRITORIES,HOME OFFICE
Cust_113,CARI SCHNELLING,NORTHWEST TERRITORIES,NORTHWEST TERRITORIES,SMALL BUSINESS
Cust_114,ANDREW GJERTSEN,NORTHWEST TERRITORIES,NORTHWEST TERRITORIES,CONSUMER
Cust_115,RALPH ARNETT,NORTHWEST TERRITORIES,NORTHWEST TERRITORIES,CONSUMER
Cust_116,BRYAN MILLS,NORTHWEST TERRITORIES,NORTHWEST TERRITORIES,CORPORATE
Cust_117,GRANT CARROLL,PRINCE EDWARD ISLAND,ATLANTIC,SMALL BUSINESS
Cust_118,JULIA WEST,PRINCE EDWARD ISLAND,ATLANTIC,CONSUMER
Cust_119,MUHAMMED MACINTYRE,PRINCE EDWARD ISLAND,ATLANTIC,SMALL BUSINESS
Cust_120,SUSAN VITTORINI,PRINCE EDWARD ISLAND,ATLANTIC,CORPORATE
Cust_121,SYLVIA FOULSTON,PRINCE EDWARD ISLAND,ATLANTIC,CORPORATE
Cust_122,DOUG BICKFORD,PRINCE EDWARD ISLAND,ATLANTIC,CORPORATE
Cust_123,DOROTHY BADDERS,PRINCE EDWARD ISLAND,ATLANTIC,HOME OFFICE
Cust_124,HENRY GOLDWYN,PRINCE EDWARD ISLAND,ATLANTIC,SMALL BUSINESS
Cust_125,CHAD CUNNINGHAM,PRINCE EDWARD ISLAND,ATLANTIC,SMALL BUSINESS
Cust_126,BETH THOMPSON,PRINCE EDWARD ISLAND,ATLANTIC,CORPORATE
Cust_127,ANDREW GJERTSEN,PRINCE EDWARD ISLAND,ATLANTIC,CONSUMER
Cust_128,MICHELLE LONSDALE,PRINCE EDWARD ISLAND,ATLANTIC,CORPORATE
Cust_129,CARI SCHNELLING,PRINCE EDWARD ISLAND,ATLANTIC,SMALL BUSINESS
Cust_130,EDWARD HOOKS,PRINCE EDWARD ISLAND,ATLANTIC,CONSUMER
Cust_131,BRENDAN DODSON,PRINCE EDWARD ISLAND,ATLANTIC,CORPORATE
Cust_132,HAROLD ENGLE,PRINCE EDWARD ISLAND,ATLANTIC,CONSUMER
Cust_133,ROY FRENCH,PRINCE EDWARD ISLAND,ATLANTIC,CONSUMER
Cust_134,HELEN ABELMAN,PRINCE EDWARD ISLAND,ATLANTIC,HOME OFFICE
Cust_135,GUY ARMSTRONG,PRINCE EDWARD ISLAND,ATLANTIC,CORPORATE
Cust_136,JENNIFER BRAXTON,PRINCE EDWARD ISLAND,ATLANTIC,SMALL BUSINESS
Cust_137,GIULIETTA BAPTIST,PRINCE EDWARD ISLAND,ATLANTIC,HOME OFFICE
Cust_138,JACK LEBRON,PRINCE EDWARD ISLAND,ATLANTIC,CORPORATE
Cust_139,ERICA BERN,PRINCE EDWARD ISLAND,ATLANTIC,CORPORATE
Cust_140,CHRISTOPHER SCHILD,PRINCE EDWARD ISLAND,ATLANTIC,CORPORATE
Cust_141,JOY SMITH,PRINCE EDWARD ISLAND,ATLANTIC,CORPORATE
Cust_142,EVAN MINNOTTE,PRINCE EDWARD ISLAND,ATLANTIC,CORPORATE
Cust_143,JENNA CAFFEY,PRINCE EDWARD ISLAND,ATLANTIC,CONSUMER
Cust_144,HAROLD ENGLE,PRINCE EDWARD ISLAND,ATLANTIC,HOME OFFICE
Cust_145,HILARY HOLDEN,PRINCE EDWARD ISLAND,ATLANTIC,CORPORATE
Cust_146,GREG GUTHRIE,PRINCE EDWARD ISLAND,ATLANTIC,CORPORATE
Cust_147,JOY SMITH,PRINCE EDWARD ISLAND,ATLANTIC,CONSUMER
Cust_148,DAN REICHENBACH,PRINCE EDWARD ISLAND,ATLANTIC,CORPORATE
Cust_149,PAUL GONZALEZ,PRINCE EDWARD ISLAND,ATLANTIC,CORPORATE
Cust_150,FILIA MCADAMS,PRINCE EDWARD ISLAND,ATLANTIC,SMALL BUSINESS
Cust_151,GREG GUTHRIE,PRINCE EDWARD ISLAND,ATLANTIC,SMALL BUSINESS
Cust_152,CHUCK MAGEE,PRINCE EDWARD ISLAND,ATLANTIC,CORPORATE
Cust_153,FRANK ATKINSON,PRINCE EDWARD ISLAND,ATLANTIC,CORPORATE
Cust_154,CARLOS SOLTERO,PRINCE EDWARD ISLAND,ATLANTIC,CONSUMER
Cust_155,PHILIP BROWN,PRINCE EDWARD ISLAND,ATLANTIC,HOME OFFICE
Cust_156,ERICA BERN,PRINCE EDWARD ISLAND,ATLANTIC,SMALL BUSINESS
Cust_157,CARLOS SOLTERO,PRINCE EDWARD ISLAND,ATLANTIC,SMALL BUSINESS
Cust_158,JIM SINK,PRINCE EDWARD ISLAND,ATLANTIC,CORPORATE
Cust_159,PHILIP BROWN,PRINCE EDWARD ISLAND,ATLANTIC,CORPORATE
Cust_160,LOGAN HAUSHALTER,PRINCE EDWARD ISLAND,ATLANTIC,CORPORATE
Cust_161,NOAH CHILDS,PRINCE EDWARD ISLAND,ATLANTIC,HOME OFFICE
Cust_162,NOAH CHILDS,MANITOBA,PRARIE,HOME OFFICE
Cust_163,EVAN MINNOTTE,MANITOBA,PRARIE,CORPORATE
Cust_164,GUY ARMSTRONG,MANITOBA,PRARIE,CORPORATE
Cust_165,CHUCK MAGEE,MANITOBA,PRARIE,CORPORATE
Cust_166,GREG GUTHRIE,MANITOBA,PRARIE,SMALL BUSINESS
Cust_167,CARLOS SOLTERO,MANITOBA,PRARIE,SMALL BUSINESS
Cust_168,GREG GUTHRIE,MANITOBA,PRARIE,CORPORATE
Cust_169,CARLOS SOLTERO,MANITOBA,PRARIE,CONSUMER
Cust_170,CHRISTOPHER SCHILD,MANITOBA,PRARIE,CORPORATE
Cust_171,JOY SMITH,MANITOBA,PRARIE,CORPORATE
Cust_172,JOY SMITH,MANITOBA,PRARIE,CONSUMER
Cust_173,BRIAN MOSS,MANITOBA,PRARIE,CORPORATE
Cust_174,LOGAN HAUSHALTER,MANITOBA,PRARIE,CORPORATE
Cust_175,JIM SINK,MANITOBA,PRARIE,CORPORATE
Cust_176,JENNIFER BRAXTON,MANITOBA,PRARIE,SMALL BUSINESS
Cust_177,HAROLD ENGLE,MANITOBA,PRARIE,HOME OFFICE
Cust_178,HILARY HOLDEN,MANITOBA,PRARIE,CORPORATE
Cust_179,ERICA BERN,MANITOBA,PRARIE,CORPORATE
Cust_180,HAROLD ENGLE,MANITOBA,PRARIE,CONSUMER
Cust_181,HELEN ABELMAN,MANITOBA,PRARIE,HOME OFFICE
Cust_182,JACK LEBRON,BRITISH COLUMBIA,WEST,CORPORATE
Cust_183,GIULIETTA BAPTIST,BRITISH COLUMBIA,WEST,HOME OFFICE
Cust_184,JIM SINK,BRITISH COLUMBIA,WEST,CORPORATE
Cust_185,JULIE CREIGHTON,BRITISH COLUMBIA,WEST,CORPORATE
Cust_186,SANJIT CHAND,BRITISH COLUMBIA,WEST,HOME OFFICE
Cust_187,MATT COLLINS,BRITISH COLUMBIA,WEST,CONSUMER
Cust_188,JUSTIN KNIGHT,BRITISH COLUMBIA,WEST,CORPORATE
Cust_189,ROB HABERLIN,BRITISH COLUMBIA,WEST,CORPORATE
Cust_190,ROB HABERLIN,BRITISH COLUMBIA,WEST,CONSUMER
Cust_191,CHRISTINA VANDERZANDEN,BRITISH COLUMBIA,WEST,SMALL BUSINESS
Cust_192,LENA CACIOPPO,BRITISH COLUMBIA,WEST,HOME OFFICE
Cust_193,KIMBERLY CARTER,BRITISH COLUMBIA,WEST,HOME OFFICE
Cust_194,GENE HALE,BRITISH COLUMBIA,WEST,CONSUMER
Cust_195,SALLY KNUTSON,BRITISH COLUMBIA,WEST,CONSUMER
Cust_196,MARINA LICHTENSTEIN,BRITISH COLUMBIA,WEST,CORPORATE
Cust_197,MICHELLE ARNETT,BRITISH COLUMBIA,WEST,HOME OFFICE
Cust_198,SETH VERNON,BRITISH COLUMBIA,WEST,HOME OFFICE
Cust_199,LUKE WEISS,BRITISH COLUMBIA,WEST,CORPORATE
Cust_200,ANTHONY JOHNSON,BRITISH COLUMBIA,WEST,SMALL BUSINESS
Cust_201,KIMBERLY CARTER,BRITISH COLUMBIA,WEST,SMALL BUSINESS
Cust_202,SALLY KNUTSON,BRITISH COLUMBIA,WEST,CORPORATE
Cust_203,CHRISTINA DEMOSS,BRITISH COLUMBIA,WEST,HOME OFFICE
Cust_204,MONICA FEDERLE,BRITISH COLUMBIA,WEST,CORPORATE
Cust_205,JOY SMITH,BRITISH COLUMBIA,WEST,CONSUMER
Cust_206,SONIA SUNLEY,BRITISH COLUMBIA,WEST,SMALL BUSINESS
Cust_207,ANTHONY O'DONNELL,BRITISH COLUMBIA,WEST,CONSUMER
Cust_208,EMILY GRADY,BRITISH COLUMBIA,WEST,HOME OFFICE
Cust_209,ALEX AVILA,BRITISH COLUMBIA,WEST,HOME OFFICE
Cust_210,BRIAN MOSS,BRITISH COLUMBIA,WEST,CORPORATE
Cust_211,ANNA ANDREADI,BRITISH COLUMBIA,WEST,SMALL BUSINESS
Cust_212,BARBARA FISHER,BRITISH COLUMBIA,WEST,SMALL BUSINESS
Cust_213,KELLY WILLIAMS,BRITISH COLUMBIA,WEST,CORPORATE
Cust_214,SONIA SUNLEY,BRITISH COLUMBIA,WEST,CORPORATE
Cust_215,JOCASTA RUPERT,BRITISH COLUMBIA,WEST,CONSUMER
Cust_216,RICK DUSTON,BRITISH COLUMBIA,WEST,CORPORATE
Cust_217,ANGELE HOOD,BRITISH COLUMBIA,WEST,CONSUMER
Cust_218,DENNIS BOLTON,BRITISH COLUMBIA,WEST,CONSUMER
Cust_219,STEWART CARMICHAEL,BRITISH COLUMBIA,WEST,CORPORATE
Cust_220,ALEX AVILA,BRITISH COLUMBIA,WEST,CORPORATE
Cust_221,SARAH FOSTER,BRITISH COLUMBIA,WEST,CORPORATE
Cust_222,JIM KARLSSON,BRITISH COLUMBIA,WEST,SMALL BUSINESS
Cust_223,LISA DECHERNEY,BRITISH COLUMBIA,WEST,CORPORATE
Cust_224,ROY SKARIA,BRITISH COLUMBIA,WEST,CORPORATE
Cust_225,DENNIS BOLTON,BRITISH COLUMBIA,WEST,SMALL BUSINESS
Cust_226,PETER BUHLER,BRITISH COLUMBIA,WEST,CONSUMER
Cust_227,ANTHONY O'DONNELL,BRITISH COLUMBIA,WEST,CORPORATE
Cust_228,DANIEL LACY,BRITISH COLUMBIA,WEST,SMALL BUSINESS
Cust_229,GIULIETTA WEIMER,BRITISH COLUMBIA,WEST,CORPORATE
Cust_230,MIKE VITTORINI,BRITISH COLUMBIA,WEST,SMALL BUSINESS
Cust_231,LELA DONOVAN,BRITISH COLUMBIA,WEST,CORPORATE
Cust_232,SHAHID SHARIARI,BRITISH COLUMBIA,WEST,CORPORATE
Cust_233,TRUDY SCHMIDT,BRITISH COLUMBIA,WEST,SMALL BUSINESS
Cust_234,CHRISTOPHER MARTINEZ,BRITISH COLUMBIA,WEST,SMALL BUSINESS
Cust_235,MARC HARRIGAN,BRITISH COLUMBIA,WEST,HOME OFFICE
Cust_236,LIZ PRICE,BRITISH COLUMBIA,WEST,CONSUMER
Cust_237,RALPH KENNEDY,BRITISH COLUMBIA,WEST,CORPORATE
Cust_238,ROB DOWD,BRITISH COLUMBIA,WEST,CORPORATE
Cust_239,KHLOE MILLER,BRITISH COLUMBIA,WEST,HOME OFFICE
Cust_240,SHAHID HOPKINS,BRITISH COLUMBIA,WEST,SMALL BUSINESS
Cust_241,KRISTINA NUNN,BRITISH COLUMBIA,WEST,CONSUMER
Cust_242,RICARDO EMERSON,BRITISH COLUMBIA,WEST,CORPORATE
Cust_243,PATRICK O'BRILL,BRITISH COLUMBIA,WEST,HOME OFFICE
Cust_244,THOMAS BRUMLEY,BRITISH COLUMBIA,WEST,CONSUMER
Cust_245,VICKY FREYMANN,BRITISH COLUMBIA,WEST,HOME OFFICE
Cust_246,KHLOE MILLER,BRITISH COLUMBIA,WEST,CORPORATE
Cust_247,TONY CHAPMAN,BRITISH COLUMBIA,WEST,CONSUMER
Cust_248,LIZ PRICE,BRITISH COLUMBIA,WEST,CORPORATE
Cust_249,SARAH BERN,BRITISH COLUMBIA,WEST,CORPORATE
Cust_250,MARK COUSINS,BRITISH COLUMBIA,WEST,HOME OFFICE
Cust_251,MARK COUSINS,BRITISH COLUMBIA,WEST,CORPORATE
Cust_252,DANIEL BYRD,BRITISH COLUMBIA,WEST,HOME OFFICE
Cust_253,JOHN MURRAY,BRITISH COLUMBIA,WEST,SMALL BUSINESS
Cust_254,LENA HERNANDEZ,BRITISH COLUMBIA,WEST,HOME OFFICE
Cust_255,GREG MAXWELL,BRITISH COLUMBIA,WEST,HOME OFFICE
Cust_256,GIULIETTA WEIMER,BRITISH COLUMBIA,WEST,HOME OFFICE
Cust_257,JUSTIN HIRSH,BRITISH COLUMBIA,WEST,CONSUMER
Cust_258,SHAHID SHARIARI,BRITISH COLUMBIA,WEST,CONSUMER
Cust_259,SALLY KNUTSON,BRITISH COLUMBIA,WEST,SMALL BUSINESS
Cust_260,SALLY KNUTSON,BRITISH COLUMBIA,WEST,HOME OFFICE
Cust_261,HEATHER JAS,BRITISH COLUMBIA,WEST,CORPORATE
Cust_262,PHILISSE OVERCASH,BRITISH COLUMBIA,WEST,SMALL BUSINESS
Cust_263,NEIL KNUDSON,BRITISH COLUMBIA,WEST,HOME OFFICE
Cust_264,CATHY ARMSTRONG,BRITISH COLUMBIA,WEST,CONSUMER
Cust_265,NEIL KNUDSON,BRITISH COLUMBIA,WEST,CORPORATE
Cust_266,CHUCK CLARK,BRITISH COLUMBIA,WEST,CORPORATE
Cust_267,KHLOE MILLER,BRITISH COLUMBIA,WEST,CONSUMER
Cust_268,BILL EPLETT,BRITISH COLUMBIA,WEST,CORPORATE
Cust_269,JOHN GRADY,BRITISH COLUMBIA,WEST,CORPORATE
Cust_270,KHLOE MILLER,NOVA SCOTIA,ATLANTIC,HOME OFFICE
Cust_271,TONY CHAPMAN,NOVA SCOTIA,ATLANTIC,CONSUMER
Cust_272,RALPH KENNEDY,NOVA SCOTIA,ATLANTIC,CORPORATE
Cust_273,TRUDY SCHMIDT,NOVA SCOTIA,ATLANTIC,SMALL BUSINESS
Cust_274,GENE HALE,NOVA SCOTIA,ATLANTIC,CONSUMER
Cust_275,SARAH BERN,NOVA SCOTIA,ATLANTIC,CORPORATE
Cust_276,JUSTIN HIRSH,NOVA SCOTIA,ATLANTIC,CONSUMER
Cust_277,LIZ PRICE,NOVA SCOTIA,ATLANTIC,CONSUMER
Cust_278,GREG MAXWELL,NOVA SCOTIA,ATLANTIC,HOME OFFICE
Cust_279,MARC HARRIGAN,NOVA SCOTIA,ATLANTIC,HOME OFFICE
Cust_280,SALLY KNUTSON,NOVA SCOTIA,ATLANTIC,CORPORATE
Cust_281,GIULIETTA WEIMER,NOVA SCOTIA,ATLANTIC,CORPORATE
Cust_282,KRISTINA NUNN,NOVA SCOTIA,ATLANTIC,CONSUMER
Cust_283,CHUCK CLARK,NOVA SCOTIA,ATLANTIC,CORPORATE
Cust_284,SALLY KNUTSON,NOVA SCOTIA,ATLANTIC,CONSUMER
Cust_285,TANJA NORVELL,NOVA SCOTIA,ATLANTIC,CONSUMER
Cust_286,LIZ PRICE,NOVA SCOTIA,ATLANTIC,CORPORATE
Cust_287,VICKY FREYMANN,NOVA SCOTIA,ATLANTIC,HOME OFFICE
Cust_288,PHILISSE OVERCASH,NOVA SCOTIA,ATLANTIC,SMALL BUSINESS
Cust_289,PATRICK O'BRILL,NOVA SCOTIA,ATLANTIC,HOME OFFICE
Cust_290,CATHY ARMSTRONG,NOVA SCOTIA,ATLANTIC,CONSUMER
Cust_291,HEATHER JAS,NOVA SCOTIA,ATLANTIC,CORPORATE
Cust_292,LENA HERNANDEZ,NOVA SCOTIA,ATLANTIC,HOME OFFICE
Cust_293,SHAHID SHARIARI,NOVA SCOTIA,ATLANTIC,CONSUMER
Cust_294,KHLOE MILLER,NOVA SCOTIA,ATLANTIC,CONSUMER
Cust_295,PAUL MACINTYRE,NOVA SCOTIA,ATLANTIC,CORPORATE
Cust_296,MIKE VITTORINI,NOVA SCOTIA,ATLANTIC,SMALL BUSINESS
Cust_297,JOHN GRADY,NOVA SCOTIA,ATLANTIC,CORPORATE
Cust_298,RICARDO EMERSON,NOVA SCOTIA,ATLANTIC,CORPORATE
Cust_299,MATT ABELMAN,NOVA SCOTIA,ATLANTIC,CONSUMER
Cust_300,SARAH JORDON,NOVA SCOTIA,ATLANTIC,CONSUMER
Cust_301,SALLY MATTHIAS,NOVA SCOTIA,ATLANTIC,CORPORATE
Cust_302,SALLY MATTHIAS,NOVA SCOTIA,ATLANTIC,HOME OFFICE
Cust_303,THEONE PIPPENGER,NOVA SCOTIA,ATLANTIC,CORPORATE
Cust_304,ART FERGUSON,NOVA SCOTIA,ATLANTIC,CORPORATE
Cust_305,JACK O'BRIANT,NOVA SCOTIA,ATLANTIC,HOME OFFICE
Cust_306,NATHAN CANO,NOVA SCOTIA,ATLANTIC,CONSUMER
Cust_307,MICHAEL GRANLUND,NOVA SCOTIA,ATLANTIC,CORPORATE
Cust_308,STEVE CARROLL,NOVA SCOTIA,ATLANTIC,CONSUMER
Cust_309,SCOTT WILLIAMSON,NOVA SCOTIA,ATLANTIC,SMALL BUSINESS
Cust_310,DENNIS BOLTON,NOVA SCOTIA,ATLANTIC,SMALL BUSINESS
Cust_311,SEAN WENDT,NOVA SCOTIA,ATLANTIC,CORPORATE
Cust_312,JOHN CASTELL,NOVA SCOTIA,ATLANTIC,CONSUMER
Cust_313,JACK O'BRIANT,NOVA SCOTIA,ATLANTIC,SMALL BUSINESS
Cust_314,DAVID PHILIPPE,NOVA SCOTIA,ATLANTIC,CONSUMER
Cust_315,CHAD SIEVERT,NOVA SCOTIA,ATLANTIC,CORPORATE
Cust_316,MATT ABELMAN,NOVA SCOTIA,ATLANTIC,HOME OFFICE
Cust_317,SHAUN WEIEN,NOVA SCOTIA,ATLANTIC,HOME OFFICE
Cust_318,MAYA HERMAN,NOVA SCOTIA,ATLANTIC,CORPORATE
Cust_319,MICHAEL GRANLUND,NOVA SCOTIA,ATLANTIC,HOME OFFICE
Cust_320,JACK O'BRIANT,NOVA SCOTIA,ATLANTIC,CONSUMER
Cust_321,IVAN LISTON,NOVA SCOTIA,ATLANTIC,CONSUMER
Cust_322,BRAD NORVELL,NOVA SCOTIA,ATLANTIC,CORPORATE
Cust_323,KEN HEIDEL,NOVA SCOTIA,ATLANTIC,CORPORATE
Cust_324,JOHN CASTELL,NOVA SCOTIA,ATLANTIC,SMALL BUSINESS
Cust_325,MIKE KENNEDY,NOVA SCOTIA,ATLANTIC,SMALL BUSINESS
Cust_326,CHARLES SHELDON,NOVA SCOTIA,ATLANTIC,CORPORATE
Cust_327,MIKE KENNEDY,NOVA SCOTIA,ATLANTIC,CORPORATE
Cust_328,MATT ABELMAN,NOVA SCOTIA,ATLANTIC,SMALL BUSINESS
Cust_329,BRIAN DERR,NOVA SCOTIA,ATLANTIC,SMALL BUSINESS
Cust_330,ROLAND BLACK,NOVA SCOTIA,ATLANTIC,SMALL BUSINESS
Cust_331,DANA KAYDOS,NOVA SCOTIA,ATLANTIC,CORPORATE
Cust_332,DARREN KOUTRAS,NOVA SCOTIA,ATLANTIC,CONSUMER
Cust_333,NEIL DUCICH,NOVA SCOTIA,ATLANTIC,HOME OFFICE
Cust_334,SEAN WENDT,BRITISH COLUMBIA,WEST,CORPORATE
Cust_335,MIKE KENNEDY,BRITISH COLUMBIA,WEST,CORPORATE
Cust_336,MATT ABELMAN,BRITISH COLUMBIA,WEST,HOME OFFICE
Cust_337,SALLY MATTHIAS,BRITISH COLUMBIA,WEST,HOME OFFICE
Cust_338,STEVE CARROLL,BRITISH COLUMBIA,WEST,CONSUMER
Cust_339,JOHN CASTELL,BRITISH COLUMBIA,WEST,CONSUMER
Cust_340,NEIL DUCICH,BRITISH COLUMBIA,WEST,HOME OFFICE
Cust_341,PARHENA NORRIS,BRITISH COLUMBIA,WEST,HOME OFFICE
Cust_342,ROLAND BLACK,BRITISH COLUMBIA,WEST,SMALL BUSINESS
Cust_343,KEN HEIDEL,BRITISH COLUMBIA,WEST,CORPORATE
Cust_344,SARAH JORDON,BRITISH COLUMBIA,WEST,CONSUMER
Cust_345,JOHN CASTELL,BRITISH COLUMBIA,WEST,SMALL BUSINESS
Cust_346,BART WATTERS,BRITISH COLUMBIA,WEST,CORPORATE
Cust_347,MARY O'ROURKE,BRITISH COLUMBIA,WEST,HOME OFFICE
Cust_348,NATHAN CANO,BRITISH COLUMBIA,WEST,CONSUMER
Cust_349,MATT ABELMAN,BRITISH COLUMBIA,WEST,SMALL BUSINESS
Cust_350,MICHAEL GRANLUND,BRITISH COLUMBIA,WEST,HOME OFFICE
Cust_351,DANA KAYDOS,BRITISH COLUMBIA,WEST,CORPORATE
Cust_352,CHAD SIEVERT,BRITISH COLUMBIA,WEST,CORPORATE
Cust_353,HUNTER LOPEZ,BRITISH COLUMBIA,WEST,CONSUMER
Cust_354,NATHAN MAUTZ,BRITISH COLUMBIA,WEST,CORPORATE
Cust_355,SHAUN WEIEN,BRITISH COLUMBIA,WEST,HOME OFFICE
Cust_356,NATHAN MAUTZ,BRITISH COLUMBIA,WEST,HOME OFFICE
Cust_357,THEONE PIPPENGER,BRITISH COLUMBIA,WEST,CORPORATE
Cust_358,SCOTT WILLIAMSON,BRITISH COLUMBIA,WEST,SMALL BUSINESS
Cust_359,MIKE KENNEDY,BRITISH COLUMBIA,WEST,SMALL BUSINESS
Cust_360,MIKE KENNEDY,MANITOBA,PRARIE,CORPORATE
Cust_361,MARK COUSINS,MANITOBA,PRARIE,CORPORATE
Cust_362,ROLAND BLACK,MANITOBA,PRARIE,SMALL BUSINESS
Cust_363,BART WATTERS,MANITOBA,PRARIE,CORPORATE
Cust_364,MATT ABELMAN,MANITOBA,PRARIE,CONSUMER
Cust_365,PARHENA NORRIS,MANITOBA,PRARIE,HOME OFFICE
Cust_366,THEONE PIPPENGER,MANITOBA,PRARIE,CORPORATE
Cust_367,SALLY MATTHIAS,MANITOBA,PRARIE,HOME OFFICE
Cust_368,DANA KAYDOS,MANITOBA,PRARIE,CORPORATE
Cust_369,SEAN WENDT,MANITOBA,PRARIE,CORPORATE
Cust_370,NATHAN MAUTZ,MANITOBA,PRARIE,CORPORATE
Cust_371,AARON SMAYLING,MANITOBA,PRARIE,SMALL BUSINESS
Cust_372,CHARLES SHELDON,MANITOBA,PRARIE,CORPORATE
Cust_373,SHAUN WEIEN,MANITOBA,PRARIE,HOME OFFICE
Cust_374,MARY O'ROURKE,MANITOBA,PRARIE,HOME OFFICE
Cust_375,MARK COUSINS,MANITOBA,PRARIE,HOME OFFICE
Cust_376,BRAD NORVELL,MANITOBA,PRARIE,CORPORATE
Cust_377,CHAD SIEVERT,MANITOBA,PRARIE,CORPORATE
Cust_378,BRIAN DERR,MANITOBA,PRARIE,SMALL BUSINESS
Cust_379,NEIL DUCICH,MANITOBA,PRARIE,HOME OFFICE
Cust_380,SARAH JORDON,MANITOBA,PRARIE,CONSUMER
Cust_381,MIKE KENNEDY,MANITOBA,PRARIE,SMALL BUSINESS
Cust_382,MICHAEL GRANLUND,MANITOBA,PRARIE,HOME OFFICE
Cust_383,KEN HEIDEL,MANITOBA,PRARIE,CORPORATE
Cust_384,ART FERGUSON,MANITOBA,PRARIE,CORPORATE
Cust_385,STEVE CARROLL,MANITOBA,PRARIE,CONSUMER
Cust_386,NATHAN MAUTZ,MANITOBA,PRARIE,HOME OFFICE
Cust_387,MATT ABELMAN,MANITOBA,PRARIE,HOME OFFICE
Cust_388,NATHAN CANO,MANITOBA,PRARIE,CONSUMER
Cust_389,DENNIS BOLTON,MANITOBA,PRARIE,SMALL BUSINESS
Cust_390,JOEL JENKINS,MANITOBA,PRARIE,CORPORATE
Cust_391,MEG O'CONNEL,MANITOBA,PRARIE,CORPORATE
Cust_392,HALLIE REDMOND,MANITOBA,PRARIE,HOME OFFICE
Cust_393,LIZ THOMPSON,MANITOBA,PRARIE,CORPORATE
Cust_394,ROBERT WALDORF,MANITOBA,PRARIE,HOME OFFICE
Cust_395,HELEN ANDREADA,MANITOBA,PRARIE,CORPORATE
Cust_396,JULIA DUNBAR,MANITOBA,PRARIE,CONSUMER
Cust_397,CHRISTINE SUNDARESAM,MANITOBA,PRARIE,SMALL BUSINESS
Cust_398,BRUCE STEWART,MANITOBA,PRARIE,CORPORATE
Cust_399,GUY THORNTON,MANITOBA,PRARIE,CORPORATE
Cust_400,MARY ZEWE,MANITOBA,PRARIE,CORPORATE
Cust_401,KEN LONSDALE,MANITOBA,PRARIE,CONSUMER
Cust_402,MARIA BERTELSON,MANITOBA,PRARIE,HOME OFFICE
Cust_403,BRIAN THOMPSON,MANITOBA,PRARIE,HOME OFFICE
Cust_404,HALLIE REDMOND,MANITOBA,PRARIE,SMALL BUSINESS
Cust_405,JASON GROSS,MANITOBA,PRARIE,SMALL BUSINESS
Cust_406,KATRINA BAVINGER,MANITOBA,PRARIE,CONSUMER
Cust_407,MARIA BERTELSON,MANITOBA,PRARIE,CORPORATE
Cust_408,IVAN GIBSON,MANITOBA,PRARIE,CORPORATE
Cust_409,DOUG BICKFORD,ONTARIO,ONTARIO,CORPORATE
Cust_410,LIZ THOMPSON,ONTARIO,ONTARIO,CORPORATE
Cust_411,MARIA BERTELSON,ONTARIO,ONTARIO,HOME OFFICE
Cust_412,GUY THORNTON,ONTARIO,ONTARIO,CORPORATE
Cust_413,BRUCE STEWART,ONTARIO,ONTARIO,CORPORATE
Cust_414,BRIAN THOMPSON,ONTARIO,ONTARIO,HOME OFFICE
Cust_415,JOSEPH AIRDO,ONTARIO,ONTARIO,CORPORATE
Cust_416,CHRISTINA VANDERZANDEN,ONTARIO,ONTARIO,SMALL BUSINESS
Cust_417,JOSEPH AIRDO,ONTARIO,ONTARIO,CONSUMER
Cust_418,KEN LONSDALE,ONTARIO,ONTARIO,CONSUMER
Cust_419,ROBERT WALDORF,ONTARIO,ONTARIO,HOME OFFICE
Cust_420,KATRINA BAVINGER,ONTARIO,ONTARIO,CONSUMER
Cust_421,MEG O'CONNEL,ONTARIO,ONTARIO,SMALL BUSINESS
Cust_422,CHRISTINE SUNDARESAM,ONTARIO,ONTARIO,SMALL BUSINESS
Cust_423,LYCORIS SAUNDERS,ONTARIO,ONTARIO,HOME OFFICE
Cust_424,LYCORIS SAUNDERS,ONTARIO,ONTARIO,CORPORATE
Cust_425,DOROTHY DICKINSON,ONTARIO,ONTARIO,CORPORATE
Cust_426,MARY ZEWE,ONTARIO,ONTARIO,CORPORATE
Cust_427,JANET MOLINARI,ONTARIO,ONTARIO,CORPORATE
Cust_428,JULIE PRESCOTT,ONTARIO,ONTARIO,HOME OFFICE
Cust_429,MARIA BERTELSON,ONTARIO,ONTARIO,CORPORATE
Cust_430,ANNIE THURMAN,ONTARIO,ONTARIO,HOME OFFICE
Cust_431,MEG O'CONNEL,ONTARIO,ONTARIO,CORPORATE
Cust_432,ROB BEEGHLY,ONTARIO,ONTARIO,CONSUMER
Cust_433,IVAN GIBSON,ONTARIO,ONTARIO,CORPORATE
Cust_434,ANNIE THURMAN,ONTARIO,ONTARIO,CONSUMER
Cust_435,BILL EPLETT,ONTARIO,ONTARIO,CORPORATE
Cust_436,DOUG O'CONNELL,ONTARIO,ONTARIO,SMALL BUSINESS
Cust_437,CRAIG CARROLL,ONTARIO,ONTARIO,CORPORATE
Cust_438,LIZ MACKENDRICK,ONTARIO,ONTARIO,CORPORATE
Cust_439,CHRISTINE KARGATIS,ONTARIO,ONTARIO,SMALL BUSINESS
Cust_440,BOBBY ODEGARD,ONTARIO,ONTARIO,CORPORATE
Cust_441,CRAIG CARROLL,ONTARIO,ONTARIO,SMALL BUSINESS
Cust_442,RUSSELL APPLEGATE,ONTARIO,ONTARIO,HOME OFFICE
Cust_443,BILL DONATELLI,ONTARIO,ONTARIO,SMALL BUSINESS
Cust_444,BILL DONATELLI,ONTARIO,ONTARIO,CORPORATE
Cust_445,DUANE BENOIT,ONTARIO,ONTARIO,HOME OFFICE
Cust_446,BOBBY ODEGARD,ONTARIO,ONTARIO,CONSUMER
Cust_447,RUSSELL APPLEGATE,ONTARIO,ONTARIO,SMALL BUSINESS
Cust_448,JOEL JENKINS,ONTARIO,ONTARIO,CORPORATE
Cust_449,BRAD EASON,ONTARIO,ONTARIO,SMALL BUSINESS
Cust_450,JASON GROSS,ONTARIO,ONTARIO,SMALL BUSINESS
Cust_451,HAROLD PAWLAN,ONTARIO,ONTARIO,SMALL BUSINESS
Cust_452,ADAM BELLAVANCE,ONTARIO,ONTARIO,SMALL BUSINESS
Cust_453,CARI SAYRE,ONTARIO,ONTARIO,HOME OFFICE
Cust_454,LISA DECHERNEY,ONTARIO,ONTARIO,CORPORATE
Cust_455,ROY SKARIA,ONTARIO,ONTARIO,CORPORATE
Cust_456,SEAN O'DONNELL,ONTARIO,ONTARIO,CORPORATE
Cust_457,SUSAN VITTORINI,ONTARIO,ONTARIO,CORPORATE
Cust_458,SANDRA GLASSCO,ONTARIO,ONTARIO,HOME OFFICE
Cust_459,SKYE NORLING,ONTARIO,ONTARIO,HOME OFFICE
Cust_460,SUSAN VITTORINI,ONTARIO,ONTARIO,HOME OFFICE
Cust_461,SHIRLEY SCHMIDT,ONTARIO,ONTARIO,CORPORATE
Cust_462,RICK WILSON,ONTARIO,ONTARIO,CORPORATE
Cust_463,RICK WILSON,ONTARIO,ONTARIO,CONSUMER
Cust_464,PAULINE CHAND,ONTARIO,ONTARIO,CORPORATE
Cust_465,JENNIFER HALLADAY,ONTARIO,ONTARIO,HOME OFFICE
Cust_466,RITSA HIGHTOWER,ONTARIO,ONTARIO,CORPORATE
Cust_467,JONI BLUMSTEIN,ONTARIO,ONTARIO,HOME OFFICE
Cust_468,PETE ARMSTRONG,ONTARIO,ONTARIO,CONSUMER
Cust_469,PAULINE CHAND,ONTARIO,ONTARIO,SMALL BUSINESS
Cust_470,ANNA GAYMAN,ONTARIO,ONTARIO,CORPORATE
Cust_471,JONI BLUMSTEIN,ONTARIO,ONTARIO,CONSUMER
Cust_472,NAT GILPIN,ONTARIO,ONTARIO,CONSUMER
Cust_473,ROSE O'BRIAN,ONTARIO,ONTARIO,HOME OFFICE
Cust_474,BECKY CASTELL,ONTARIO,ONTARIO,CONSUMER
Cust_475,DANIEL RAGLIN,ONTARIO,ONTARIO,CORPORATE
Cust_476,CORINNA MITCHELL,ONTARIO,ONTARIO,CORPORATE
Cust_477,EVA JACOBS,ONTARIO,ONTARIO,HOME OFFICE
Cust_478,JAS O'CARROLL,ONTARIO,ONTARIO,CORPORATE
Cust_479,JAS O'CARROLL,ONTARIO,ONTARIO,HOME OFFICE
Cust_480,PAUL PROST,ONTARIO,ONTARIO,CORPORATE
Cust_481,PHILIP BROWN,ONTARIO,ONTARIO,HOME OFFICE
Cust_482,MICHAEL NGUYEN,ONTARIO,ONTARIO,SMALL BUSINESS
Cust_483,PHILIP BROWN,ONTARIO,ONTARIO,CORPORATE
Cust_484,LISA DECHERNEY,ONTARIO,ONTARIO,CONSUMER
Cust_485,PAUL MACINTYRE,ONTARIO,ONTARIO,CORPORATE
Cust_486,TAMARA DAHLEN,ONTARIO,ONTARIO,CORPORATE
Cust_487,ERIN CREIGHTON,ONTARIO,ONTARIO,CORPORATE
Cust_488,HENRY MACALLISTER,ONTARIO,ONTARIO,SMALL BUSINESS
Cust_489,CANDACE MCMAHON,ONTARIO,ONTARIO,CORPORATE
Cust_490,TAMARA CHAND,ONTARIO,ONTARIO,CONSUMER
Cust_491,DUANE HUFFMAN,ONTARIO,ONTARIO,SMALL BUSINESS
Cust_492,EDWARD NAZZAL,ONTARIO,ONTARIO,HOME OFFICE
Cust_493,KELLY LAMPKIN,ONTARIO,ONTARIO,CORPORATE
Cust_494,ANTHONY WITT,ONTARIO,ONTARIO,CORPORATE
Cust_495,TED TREVINO,ONTARIO,ONTARIO,CORPORATE
Cust_496,ED LUDWIG,ONTARIO,ONTARIO,CONSUMER
Cust_497,JEREMY ELLISON,ONTARIO,ONTARIO,SMALL BUSINESS
Cust_498,ALAN HWANG,ONTARIO,ONTARIO,CORPORATE
Cust_499,KELLY LAMPKIN,ONTARIO,ONTARIO,HOME OFFICE
Cust_500,EILEEN KIEFER,ONTARIO,ONTARIO,CONSUMER
Cust_501,JAMES LANIER,ONTARIO,ONTARIO,CORPORATE
Cust_502,EDWARD BECKER,ONTARIO,ONTARIO,CORPORATE
Cust_503,GARY ZANDUSKY,ONTARIO,ONTARIO,HOME OFFICE
Cust_504,ANN BLUME,ONTARIO,ONTARIO,CORPORATE
Cust_505,ERIN SMITH,ONTARIO,ONTARIO,HOME OFFICE
Cust_506,ALLEN GOLDEN,ONTARIO,ONTARIO,CONSUMER
Cust_507,FRANK CARLISLE,ONTARIO,ONTARIO,SMALL BUSINESS
Cust_508,GARY HANSEN,ONTARIO,ONTARIO,CONSUMER
Cust_509,NANCY LOMONACO,ONTARIO,ONTARIO,HOME OFFICE
Cust_510,ANNA HABERLIN,ONTARIO,ONTARIO,CORPORATE
Cust_511,ERIN ASHBROOK,ONTARIO,ONTARIO,CONSUMER
Cust_512,DARREN BUDD,ONTARIO,ONTARIO,CONSUMER
Cust_513,BILL STEWART,ONTARIO,ONTARIO,CORPORATE
Cust_514,CHRISTINE PHAN,ONTARIO,ONTARIO,SMALL BUSINESS
Cust_515,ALAN HWANG,ONTARIO,ONTARIO,SMALL BUSINESS
Cust_516,DARREN BUDD,ONTARIO,ONTARIO,CORPORATE
Cust_517,EUGENE HILDEBRAND,ONTARIO,ONTARIO,HOME OFFICE
Cust_518,EDWARD BECKER,ONTARIO,ONTARIO,HOME OFFICE
Cust_519,MELANIE PAGE,ONTARIO,ONTARIO,CORPORATE
Cust_520,JESUS OCAMPO,ONTARIO,ONTARIO,SMALL BUSINESS
Cust_521,DARREN POWERS,ONTARIO,ONTARIO,CORPORATE
Cust_522,PATRICK BZOSTEK,ONTARIO,ONTARIO,CONSUMER
Cust_523,DARREN BUDD,ONTARIO,ONTARIO,HOME OFFICE
Cust_524,GRACE KELLY,ONTARIO,ONTARIO,CONSUMER
Cust_525,DAN LAWERA,ONTARIO,ONTARIO,CORPORATE
Cust_526,GEORGE ASHBROOK,ONTARIO,ONTARIO,SMALL BUSINESS
Cust_527,DAVE HALLSTEN,ONTARIO,ONTARIO,HOME OFFICE
Cust_528,ARTHUR WIEDIGER,ONTARIO,ONTARIO,CORPORATE
Cust_529,DUANE HUFFMAN,ONTARIO,ONTARIO,CONSUMER
Cust_530,JIM MITCHUM,ONTARIO,ONTARIO,CONSUMER
Cust_531,ANDY YOTOV,ONTARIO,ONTARIO,CORPORATE
Cust_532,FRANK HAWLEY,ONTARIO,ONTARIO,HOME OFFICE
Cust_533,THERESA COYNE,ONTARIO,ONTARIO,HOME OFFICE
Cust_534,IVAN LISTON,ONTARIO,ONTARIO,CONSUMER
Cust_535,DAVID SMITH,ONTARIO,ONTARIO,SMALL BUSINESS
Cust_536,NARESJ PATEL,ONTARIO,ONTARIO,SMALL BUSINESS
Cust_537,RUBEN AUSMAN,ONTARIO,ONTARIO,CORPORATE
Cust_538,ROY FRENCH,ONTARIO,ONTARIO,CONSUMER
Cust_539,LARRY HUGHES,ONTARIO,ONTARIO,HOME OFFICE
Cust_540,MAGDELENE MORSE,ONTARIO,ONTARIO,HOME OFFICE
Cust_541,GEORGE ASHBROOK,ONTARIO,ONTARIO,CONSUMER
Cust_542,JONATHAN HOWELL,ONTARIO,ONTARIO,CONSUMER
Cust_543,LINDA CAZAMIAS,ONTARIO,ONTARIO,CORPORATE
Cust_544,NAT CARROLL,ONTARIO,ONTARIO,HOME OFFICE
Cust_545,GARY MITCHUM,ONTARIO,ONTARIO,CONSUMER
Cust_546,MATT HAGELSTEIN,ONTARIO,ONTARIO,HOME OFFICE
Cust_547,ANDY REITER,ONTARIO,ONTARIO,CORPORATE
Cust_548,MIKE CAUDLE,ONTARIO,ONTARIO,CORPORATE
Cust_549,CYNTHIA ARNTZEN,ONTARIO,ONTARIO,HOME OFFICE
Cust_550,EDWARD NAZZAL,ONTARIO,ONTARIO,SMALL BUSINESS
Cust_551,CYNTHIA ARNTZEN,ONTARIO,ONTARIO,SMALL BUSINESS
Cust_552,NOAH CHILDS,ONTARIO,ONTARIO,HOME OFFICE
Cust_553,BRIAN STUGART,ONTARIO,ONTARIO,CONSUMER
Cust_554,GEORGE BELL,ONTARIO,ONTARIO,CORPORATE
Cust_555,NARESJ PATEL,ONTARIO,ONTARIO,CORPORATE
Cust_556,JONI SUNDARESAM,ONTARIO,ONTARIO,HOME OFFICE
Cust_557,DAVE HALLSTEN,ONTARIO,ONTARIO,CORPORATE
Cust_558,MICHELLE HUTHWAITE,ONTARIO,ONTARIO,HOME OFFICE
Cust_559,DAVID PHILIPPE,ONTARIO,ONTARIO,CONSUMER
Cust_560,AMY COX,ONTARIO,ONTARIO,CORPORATE
Cust_561,CARI MACINTYRE,ONTARIO,ONTARIO,CORPORATE
Cust_562,EUDOKIA MARTIN,ONTARIO,ONTARIO,HOME OFFICE
Cust_563,FRED HOPKINS,ONTARIO,ONTARIO,HOME OFFICE
Cust_564,AMY COX,ONTARIO,ONTARIO,SMALL BUSINESS
Cust_565,AIMEE BIXBY,ONTARIO,ONTARIO,HOME OFFICE
Cust_566,ANEMONE RATNER,ONTARIO,ONTARIO,SMALL BUSINESS
Cust_567,CHRIS SELESNICK,ONTARIO,ONTARIO,HOME OFFICE
Cust_568,NOEL STAAVOS,ONTARIO,ONTARIO,HOME OFFICE
Cust_569,DEAN BRADEN,ONTARIO,ONTARIO,CORPORATE
Cust_570,LENA CREIGHTON,ONTARIO,ONTARIO,CORPORATE
Cust_571,MATT COLLISTER,ONTARIO,ONTARIO,HOME OFFICE
Cust_572,LENA CREIGHTON,ONTARIO,ONTARIO,HOME OFFICE
Cust_573,ERICA SMITH,ONTARIO,ONTARIO,SMALL BUSINESS
Cust_574,JANET MARTIN,ONTARIO,ONTARIO,CORPORATE
Cust_575,ANDREW ROBERTS,ONTARIO,ONTARIO,SMALL BUSINESS
Cust_576,MICHAEL DOMINGUEZ,ONTARIO,ONTARIO,HOME OFFICE
Cust_577,THOMAS BOLAND,ONTARIO,ONTARIO,CORPORATE
Cust_578,OLVERA TOCH,ONTARIO,ONTARIO,HOME OFFICE
Cust_579,LENA RADFORD,ONTARIO,ONTARIO,SMALL BUSINESS
Cust_580,SEAN CHRISTENSEN,ONTARIO,ONTARIO,HOME OFFICE
Cust_581,TODD BOYES,ONTARIO,ONTARIO,CONSUMER
Cust_582,TODD BOYES,ONTARIO,ONTARIO,SMALL BUSINESS
Cust_583,SEAN MILLER,ONTARIO,ONTARIO,SMALL BUSINESS
Cust_584,PHILLIP BREYER,ONTARIO,ONTARIO,CORPORATE
Cust_585,MICHELLE ELLISON,ONTARIO,ONTARIO,SMALL BUSINESS
Cust_586,MICHELLE ELLISON,ONTARIO,ONTARIO,CONSUMER
Cust_587,SCOT CORAM,ONTARIO,ONTARIO,CORPORATE
Cust_588,NATALIE FRITZLER,ONTARIO,ONTARIO,HOME OFFICE
Cust_589,NATHAN GELDER,ONTARIO,ONTARIO,HOME OFFICE
Cust_590,PATRICIA HIRASAKI,ONTARIO,ONTARIO,HOME OFFICE
Cust_591,MARIA ZETTNER,ONTARIO,ONTARIO,CORPORATE
Cust_592,MATTHEW CLASEN,ONTARIO,ONTARIO,CONSUMER
Cust_593,PATRICK O'DONNELL,ONTARIO,ONTARIO,HOME OFFICE
Cust_594,HARRY MARIE,ONTARIO,ONTARIO,CONSUMER
Cust_595,VICTORIA WILSON,ONTARIO,ONTARIO,HOME OFFICE
Cust_596,SHAHID COLLISTER,ONTARIO,ONTARIO,HOME OFFICE
Cust_597,KATRINA BAVINGER,ONTARIO,ONTARIO,HOME OFFICE
Cust_598,MICHELLE ELLISON,ONTARIO,ONTARIO,HOME OFFICE
Cust_599,THEA HENDRICKS,NEWFOUNDLAND,ATLANTIC,HOME OFFICE
Cust_600,COREY CATLETT,NEWFOUNDLAND,ATLANTIC,HOME OFFICE
Cust_601,ED JACOBS,NEWFOUNDLAND,ATLANTIC,SMALL BUSINESS
Cust_602,NOEL STAAVOS,NEWFOUNDLAND,ATLANTIC,HOME OFFICE
Cust_603,KEITH HERRERA,NEWFOUNDLAND,ATLANTIC,SMALL BUSINESS
Cust_604,CARLOS MEADOR,NEWFOUNDLAND,ATLANTIC,CORPORATE
Cust_605,CORINNA MITCHELL,NEWFOUNDLAND,ATLANTIC,CORPORATE
Cust_606,RAYMOND FAIR,NEWFOUNDLAND,ATLANTIC,SMALL BUSINESS
Cust_607,KARL BROWN,NEWFOUNDLAND,ATLANTIC,HOME OFFICE
Cust_608,NATALIE WEBBER,NEWFOUNDLAND,ATLANTIC,CONSUMER
Cust_609,ERIC BARRETO,NEWFOUNDLAND,ATLANTIC,CONSUMER
Cust_610,HUNTER LOPEZ,NEWFOUNDLAND,ATLANTIC,CONSUMER
Cust_611,BARRY FRANZ,NEWFOUNDLAND,ATLANTIC,CORPORATE
Cust_612,CRAIG YEDWAB,NEWFOUNDLAND,ATLANTIC,CORPORATE
Cust_613,ERIC BARRETO,NEWFOUNDLAND,ATLANTIC,SMALL BUSINESS
Cust_614,CHUCK SACHS,NEWFOUNDLAND,ATLANTIC,CONSUMER
Cust_615,MUHAMMED LEE,NEWFOUNDLAND,ATLANTIC,CONSUMER
Cust_616,KARL BROWN,NEWFOUNDLAND,ATLANTIC,CORPORATE
Cust_617,BOBBY TRAFTON,NEWFOUNDLAND,ATLANTIC,SMALL BUSINESS
Cust_618,DAVID FLASHING,NEWFOUNDLAND,ATLANTIC,HOME OFFICE
Cust_619,RICK DUSTON,NEWFOUNDLAND,ATLANTIC,CORPORATE
Cust_620,TROY STAEBEL,NEWFOUNDLAND,ATLANTIC,SMALL BUSINESS
Cust_621,NORA PAIGE,NEWFOUNDLAND,ATLANTIC,SMALL BUSINESS
Cust_622,AMY COX,NEWFOUNDLAND,ATLANTIC,SMALL BUSINESS
Cust_623,HAROLD DAHLEN,NEWFOUNDLAND,ATLANTIC,CORPORATE
Cust_624,JAY FINE,NEWFOUNDLAND,ATLANTIC,CONSUMER
Cust_625,DAN CAMPBELL,NEWFOUNDLAND,ATLANTIC,CORPORATE
Cust_626,GEORGE ZREBASSA,NEWFOUNDLAND,ATLANTIC,HOME OFFICE
Cust_627,ELENI MCCRARY,NEWFOUNDLAND,ATLANTIC,CORPORATE
Cust_628,FRANK ATKINSON,NEWFOUNDLAND,ATLANTIC,CORPORATE
Cust_629,ASTREA JONES,NEWFOUNDLAND,ATLANTIC,CORPORATE
Cust_630,GIULIETTA DORTCH,NEWFOUNDLAND,ATLANTIC,CONSUMER
Cust_631,CATHY HWANG,NEWFOUNDLAND,ATLANTIC,HOME OFFICE
Cust_632,DAMALA KOTSONIS,NEWFOUNDLAND,ATLANTIC,CORPORATE
Cust_633,DIANNA ARNETT,NEWFOUNDLAND,ATLANTIC,HOME OFFICE
Cust_634,FRED MCMATH,NEWFOUNDLAND,ATLANTIC,SMALL BUSINESS
Cust_635,CHRISTY BRITTAIN,NEWFOUNDLAND,ATLANTIC,CONSUMER
Cust_636,TOM PRESCOTT,NEWFOUNDLAND,ATLANTIC,SMALL BUSINESS
Cust_637,YANA SORENSEN,NEWFOUNDLAND,ATLANTIC,CORPORATE
Cust_638,HAROLD DAHLEN,NEWFOUNDLAND,ATLANTIC,CONSUMER
Cust_639,BRAD THOMAS,NEWFOUNDLAND,ATLANTIC,CORPORATE
Cust_640,CYNTHIA VOLTZ,NEWFOUNDLAND,ATLANTIC,CORPORATE
Cust_641,DEAN PERCER,NEWFOUNDLAND,ATLANTIC,CONSUMER
Cust_642,BEN PETERMAN,NEWFOUNDLAND,ATLANTIC,CORPORATE
Cust_643,TRACY PODDAR,NEWFOUNDLAND,ATLANTIC,CORPORATE
Cust_644,MICHAEL PAIGE,NEWFOUNDLAND,ATLANTIC,SMALL BUSINESS
Cust_645,COREY ROPER,NEWFOUNDLAND,ATLANTIC,SMALL BUSINESS
Cust_646,MAUREEN GASTINEAU,NEWFOUNDLAND,ATLANTIC,CONSUMER
Cust_647,MUHAMMED YEDWAB,NEWFOUNDLAND,ATLANTIC,CONSUMER
Cust_648,ALEX GRAYSON,NEWFOUNDLAND,ATLANTIC,CONSUMER
Cust_649,CHRIS CORTES,NEWFOUNDLAND,ATLANTIC,CONSUMER
Cust_650,DAN CAMPBELL,NEWFOUNDLAND,ATLANTIC,SMALL BUSINESS
Cust_651,SARA LUXEMBURG,NEWFOUNDLAND,ATLANTIC,SMALL BUSINESS
Cust_652,ERIC MURDOCK,NEWFOUNDLAND,ATLANTIC,HOME OFFICE
Cust_653,PAUL KNUTSON,NEWFOUNDLAND,ATLANTIC,CORPORATE
Cust_654,JANET MARTIN,NEWFOUNDLAND,ATLANTIC,CORPORATE
Cust_655,NICOLE BRENNAN,NEWFOUNDLAND,ATLANTIC,CONSUMER
Cust_656,JENNIFER PATT,NEWFOUNDLAND,ATLANTIC,HOME OFFICE
Cust_657,ELPIDA RITTENBACH,NOVA SCOTIA,ATLANTIC,CONSUMER
Cust_658,DAVID WIENER,NOVA SCOTIA,ATLANTIC,CONSUMER
Cust_659,PETER MCVEE,NOVA SCOTIA,ATLANTIC,SMALL BUSINESS
Cust_660,KAREN CARLISLE,NOVA SCOTIA,ATLANTIC,HOME OFFICE
Cust_661,STEFANIA PERRINO,NOVA SCOTIA,ATLANTIC,CORPORATE
Cust_662,JAY FINE,NOVA SCOTIA,ATLANTIC,CONSUMER
Cust_663,PAUL LUCAS,NOVA SCOTIA,ATLANTIC,CORPORATE
Cust_664,GEORGE ZREBASSA,NOVA SCOTIA,ATLANTIC,SMALL BUSINESS
Cust_665,GEORGE ZREBASSA,NOVA SCOTIA,ATLANTIC,HOME OFFICE
Cust_666,KARL BROWN,NOVA SCOTIA,ATLANTIC,CORPORATE
Cust_667,EVAN HENRY,NOVA SCOTIA,ATLANTIC,CORPORATE
Cust_668,KEITH HERRERA,NOVA SCOTIA,ATLANTIC,SMALL BUSINESS
Cust_669,ALYSSA TATE,NOVA SCOTIA,ATLANTIC,SMALL BUSINESS
Cust_670,MICHAEL STEWART,NOVA SCOTIA,ATLANTIC,SMALL BUSINESS
Cust_671,SHIRLEY JACKSON,NOVA SCOTIA,ATLANTIC,CORPORATE
Cust_672,BARRY WEIRICH,NOVA SCOTIA,ATLANTIC,CORPORATE
Cust_673,NATALIE WEBBER,NOVA SCOTIA,ATLANTIC,CORPORATE
Cust_674,DAMALA KOTSONIS,NOVA SCOTIA,ATLANTIC,CORPORATE
Cust_675,KAREN CARLISLE,NOVA SCOTIA,ATLANTIC,CORPORATE
Cust_676,NATALIE WEBBER,NOVA SCOTIA,ATLANTIC,CONSUMER
Cust_677,KATHERINE MURRAY,NOVA SCOTIA,ATLANTIC,HOME OFFICE
Cust_678,HUNTER LOPEZ,NOVA SCOTIA,ATLANTIC,CONSUMER
Cust_679,ERIC BARRETO,NOVA SCOTIA,ATLANTIC,SMALL BUSINESS
Cust_680,BARRY FRANZ,NOVA SCOTIA,ATLANTIC,CORPORATE
Cust_681,FRED MCMATH,NOVA SCOTIA,ATLANTIC,SMALL BUSINESS
Cust_682,BERENIKE KAMPE,NOVA SCOTIA,ATLANTIC,CORPORATE
Cust_683,DEAN PERCER,NOVA SCOTIA,ATLANTIC,HOME OFFICE
Cust_684,MUHAMMED LEE,NOVA SCOTIA,ATLANTIC,CONSUMER
Cust_685,NOEL STAAVOS,NOVA SCOTIA,ATLANTIC,HOME OFFICE
Cust_686,BOBBY TRAFTON,NOVA SCOTIA,ATLANTIC,SMALL BUSINESS
Cust_687,RICK DUSTON,NOVA SCOTIA,ATLANTIC,CORPORATE
Cust_688,KARL BROWN,NOVA SCOTIA,ATLANTIC,HOME OFFICE
Cust_689,ERICA HERNANDEZ,NOVA SCOTIA,ATLANTIC,SMALL BUSINESS
Cust_690,TONY MOLINARI,NOVA SCOTIA,ATLANTIC,CORPORATE
Cust_691,ELIZABETH MOFFITT,NOVA SCOTIA,ATLANTIC,CONSUMER
Cust_692,HAROLD DAHLEN,NOVA SCOTIA,ATLANTIC,CORPORATE
Cust_693,DAVID FLASHING,NOVA SCOTIA,ATLANTIC,HOME OFFICE
Cust_694,DAVID FLASHING,NOVA SCOTIA,ATLANTIC,CONSUMER
Cust_695,DEANRA ENO,NOVA SCOTIA,ATLANTIC,CORPORATE
Cust_696,CHUCK SACHS,NOVA SCOTIA,ATLANTIC,CONSUMER
Cust_697,CHRIS CORTES,NOVA SCOTIA,ATLANTIC,CONSUMER
Cust_698,RAYMOND FAIR,NOVA SCOTIA,ATLANTIC,SMALL BUSINESS
Cust_699,BOBBY TRAFTON,NOVA SCOTIA,ATLANTIC,CORPORATE
Cust_700,MARK PACKER,NOVA SCOTIA,ATLANTIC,SMALL BUSINESS
Cust_701,ANN BLUME,NOVA SCOTIA,ATLANTIC,SMALL BUSINESS
Cust_702,ALAN SHONELY,NOVA SCOTIA,ATLANTIC,SMALL BUSINESS
Cust_703,NORA PAIGE,NOVA SCOTIA,ATLANTIC,SMALL BUSINESS
Cust_704,FRANK ATKINSON,NOVA SCOTIA,ATLANTIC,CORPORATE
Cust_705,KATRINA WILLMAN,NOVA SCOTIA,ATLANTIC,CONSUMER
Cust_706,JANET MARTIN,NOVA SCOTIA,ATLANTIC,CORPORATE
Cust_707,ANTHONY GARVERICK,NOVA SCOTIA,ATLANTIC,SMALL BUSINESS
Cust_708,AARON HAWKINS,NOVA SCOTIA,ATLANTIC,HOME OFFICE
Cust_709,GIULIETTA DORTCH,NOVA SCOTIA,ATLANTIC,CONSUMER
Cust_710,CARLOS MEADOR,NOVA SCOTIA,ATLANTIC,CORPORATE
Cust_711,DAVE POIRIER,NOVA SCOTIA,ATLANTIC,SMALL BUSINESS
Cust_712,CHRISTY BRITTAIN,NOVA SCOTIA,ATLANTIC,CONSUMER
Cust_713,TROY STAEBEL,NOVA SCOTIA,ATLANTIC,SMALL BUSINESS
Cust_714,BRADLEY DRUCKER,NOVA SCOTIA,ATLANTIC,SMALL BUSINESS
Cust_715,MARK HABERLIN,NOVA SCOTIA,ATLANTIC,SMALL BUSINESS
Cust_716,BRAD THOMAS,NOVA SCOTIA,ATLANTIC,HOME OFFICE
Cust_717,BRAD THOMAS,NOVA SCOTIA,ATLANTIC,CORPORATE
Cust_718,ELENI MCCRARY,NOVA SCOTIA,ATLANTIC,CORPORATE
Cust_719,BRENDAN MURRY,NOVA SCOTIA,ATLANTIC,CORPORATE
Cust_720,PAUL KNUTSON,NOVA SCOTIA,ATLANTIC,CORPORATE
Cust_721,EMILY BURNS,NOVA SCOTIA,ATLANTIC,HOME OFFICE
Cust_722,MAUREEN GASTINEAU,NOVA SCOTIA,ATLANTIC,CONSUMER
Cust_723,ALEX GRAYSON,NOVA SCOTIA,ATLANTIC,CONSUMER
Cust_724,MICHAEL OAKMAN,NOVA SCOTIA,ATLANTIC,SMALL BUSINESS
Cust_725,DEBORAH BRUMFIELD,NOVA SCOTIA,ATLANTIC,SMALL BUSINESS
Cust_726,DIANNA ARNETT,NOVA SCOTIA,ATLANTIC,HOME OFFICE
Cust_727,AMY COX,NOVA SCOTIA,ATLANTIC,SMALL BUSINESS
Cust_728,SARA LUXEMBURG,NOVA SCOTIA,ATLANTIC,SMALL BUSINESS
Cust_729,ROBERT BARROSO,NOVA SCOTIA,ATLANTIC,SMALL BUSINESS
Cust_730,DARRIN SAYRE,NOVA SCOTIA,ATLANTIC,CONSUMER
Cust_731,DEBORAH BRUMFIELD,NOVA SCOTIA,ATLANTIC,CORPORATE
Cust_732,ELENI MCCRARY,NOVA SCOTIA,ATLANTIC,HOME OFFICE
Cust_733,MICHAEL KENNEDY,NOVA SCOTIA,ATLANTIC,CORPORATE
Cust_734,MARC CRIER,NOVA SCOTIA,ATLANTIC,CORPORATE
Cust_735,BOBBY ELIAS,NOVA SCOTIA,ATLANTIC,SMALL BUSINESS
Cust_736,JONI WASSERMAN,NOVA SCOTIA,ATLANTIC,CONSUMER
Cust_737,KAREN FERGUSON,NOVA SCOTIA,ATLANTIC,HOME OFFICE
Cust_738,NICOLE BRENNAN,NOVA SCOTIA,ATLANTIC,CONSUMER
Cust_739,GIULIETTA DORTCH,NOVA SCOTIA,ATLANTIC,CORPORATE
Cust_740,BRADLEY TALBOTT,NOVA SCOTIA,ATLANTIC,SMALL BUSINESS
Cust_741,BRADLEY TALBOTT,NOVA SCOTIA,ATLANTIC,CORPORATE
Cust_742,BRIAN STUGART,NOVA SCOTIA,ATLANTIC,CORPORATE
Cust_743,JULIA BARNETT,NOVA SCOTIA,ATLANTIC,CORPORATE
Cust_744,EMILY PHAN,NOVA SCOTIA,ATLANTIC,CONSUMER
Cust_745,LIZ WILLINGHAM,NOVA SCOTIA,ATLANTIC,HOME OFFICE
Cust_746,CRAIG YEDWAB,NOVA SCOTIA,ATLANTIC,CORPORATE
Cust_747,ANDY REITER,NOVA SCOTIA,ATLANTIC,CORPORATE
Cust_748,BEN PETERMAN,NOVA SCOTIA,ATLANTIC,CORPORATE
Cust_749,DENISE LEINENBACH,NOVA SCOTIA,ATLANTIC,HOME OFFICE
Cust_750,BILL TYLER,NOVA SCOTIA,ATLANTIC,CONSUMER
Cust_751,DENISE LEINENBACH,NOVA SCOTIA,ATLANTIC,CORPORATE
Cust_752,DEBRA CATINI,NOVA SCOTIA,ATLANTIC,SMALL BUSINESS
Cust_753,ANN BLUME,NOVA SCOTIA,ATLANTIC,CORPORATE
Cust_754,BECKY MARTIN,NOVA SCOTIA,ATLANTIC,HOME OFFICE
Cust_755,ERIC BARRETO,NOVA SCOTIA,ATLANTIC,CONSUMER
Cust_756,ASTREA JONES,NOVA SCOTIA,ATLANTIC,CORPORATE
Cust_757,COREY CATLETT,NOVA SCOTIA,ATLANTIC,HOME OFFICE
Cust_758,BENJAMIN VENIER,NOVA SCOTIA,ATLANTIC,SMALL BUSINESS
Cust_759,NORA PAIGE,NOVA SCOTIA,ATLANTIC,CONSUMER
Cust_760,TRACY PODDAR,NOVA SCOTIA,ATLANTIC,CORPORATE
Cust_761,BILL SHONELY,NOVA SCOTIA,ATLANTIC,SMALL BUSINESS
Cust_762,CRAIG YEDWAB,NOVA SCOTIA,ATLANTIC,CONSUMER
Cust_763,PIERRE WENER,NOVA SCOTIA,ATLANTIC,HOME OFFICE
Cust_764,DAN CAMPBELL,NOVA SCOTIA,ATLANTIC,CORPORATE
Cust_765,MICHAEL PAIGE,NOVA SCOTIA,ATLANTIC,SMALL BUSINESS
Cust_766,CATHY HWANG,NOVA SCOTIA,ATLANTIC,HOME OFFICE
Cust_767,SYLVIA FOULSTON,NOVA SCOTIA,ATLANTIC,CORPORATE
Cust_768,DAN CAMPBELL,NOVA SCOTIA,ATLANTIC,SMALL BUSINESS
Cust_769,JULIE KRIZ,NOVA SCOTIA,ATLANTIC,CORPORATE
Cust_770,SYLVIA FOULSTON,NOVA SCOTIA,ATLANTIC,CONSUMER
Cust_771,MUHAMMED YEDWAB,NOVA SCOTIA,ATLANTIC,CONSUMER
Cust_772,JENNIFER PATT,NOVA SCOTIA,ATLANTIC,HOME OFFICE
Cust_773,DAVID KENDRICK,NOVA SCOTIA,ATLANTIC,HOME OFFICE
Cust_774,DOUG JACOBS,NOVA SCOTIA,ATLANTIC,HOME OFFICE
Cust_775,LUKE FOSTER,NOVA SCOTIA,ATLANTIC,CORPORATE
Cust_776,BRIAN STUGART,NOVA SCOTIA,ATLANTIC,CONSUMER
Cust_777,SARA LUXEMBURG,NOVA SCOTIA,ATLANTIC,CORPORATE
Cust_778,DIANNA WILSON,NOVA SCOTIA,ATLANTIC,SMALL BUSINESS
Cust_779,DAVID SMITH,NOVA SCOTIA,ATLANTIC,SMALL BUSINESS
Cust_780,MICHELLE TRAN,QUEBEC,QUEBEC,CONSUMER
Cust_781,DAVE HALLSTEN,QUEBEC,QUEBEC,CORPORATE
Cust_782,SANJIT JACOBS,QUEBEC,QUEBEC,CONSUMER
Cust_783,BARRY GONZALEZ,QUEBEC,QUEBEC,CONSUMER
Cust_784,VIVIAN MATHIS,QUEBEC,QUEBEC,CORPORATE
Cust_785,VIVIAN MATHIS,QUEBEC,QUEBEC,HOME OFFICE
Cust_786,CAROL ADAMS,QUEBEC,QUEBEC,CORPORATE
Cust_787,VIVEK GONZALEZ,QUEBEC,QUEBEC,CONSUMER
Cust_788,BRADLEY NGUYEN,QUEBEC,QUEBEC,CONSUMER
Cust_789,MATT COLLISTER,QUEBEC,QUEBEC,HOME OFFICE
Cust_790,VIVIAN MATHIS,QUEBEC,QUEBEC,CONSUMER
Cust_791,MICHELLE TRAN,QUEBEC,QUEBEC,CORPORATE
Cust_792,PETE TAKAHITO,QUEBEC,QUEBEC,CORPORATE
Cust_793,RALPH ARNETT,QUEBEC,QUEBEC,CONSUMER
Cust_794,JASON KLAMCZYNSKI,QUEBEC,QUEBEC,SMALL BUSINESS
Cust_795,MICHELLE TRAN,QUEBEC,QUEBEC,HOME OFFICE
Cust_796,GREG TRAN,QUEBEC,QUEBEC,HOME OFFICE
Cust_797,GENE MCCLURE,QUEBEC,QUEBEC,HOME OFFICE
Cust_798,HELEN WASSERMAN,QUEBEC,QUEBEC,HOME OFFICE
Cust_799,HELEN WASSERMAN,QUEBEC,QUEBEC,CORPORATE
Cust_800,ROSS DEVINCENTIS,QUEBEC,QUEBEC,CORPORATE
Cust_801,JASON KLAMCZYNSKI,QUEBEC,QUEBEC,HOME OFFICE
Cust_802,VALERIE MITCHUM,QUEBEC,QUEBEC,HOME OFFICE
Cust_803,DAVE HALLSTEN,QUEBEC,QUEBEC,HOME OFFICE
Cust_804,BRADLEY NGUYEN,QUEBEC,QUEBEC,CORPORATE
Cust_805,BARRY GONZALEZ,QUEBEC,QUEBEC,SMALL BUSINESS
Cust_806,BART PISTOLE,QUEBEC,QUEBEC,CONSUMER
Cust_807,CHAD MCGUIRE,QUEBEC,QUEBEC,SMALL BUSINESS
Cust_808,SCOTT COHEN,QUEBEC,QUEBEC,CONSUMER
Cust_809,GENE MCCLURE,QUEBEC,QUEBEC,CONSUMER
Cust_810,VIVEK SUNDARESAM,QUEBEC,QUEBEC,HOME OFFICE
Cust_811,NATALIE DECHERNEY,QUEBEC,QUEBEC,CONSUMER
Cust_812,MICHELLE HUTHWAITE,QUEBEC,QUEBEC,HOME OFFICE
Cust_813,CYNTHIA DELANEY,QUEBEC,QUEBEC,CORPORATE
Cust_814,TOM STIVERS,QUEBEC,QUEBEC,CORPORATE
Cust_815,RICK REED,QUEBEC,QUEBEC,CONSUMER
Cust_816,GARY MCGARR,QUEBEC,QUEBEC,HOME OFFICE
Cust_817,CYNTHIA DELANEY,QUEBEC,QUEBEC,HOME OFFICE
Cust_818,TOM STIVERS,QUEBEC,QUEBEC,SMALL BUSINESS
Cust_819,BART PISTOLE,QUEBEC,QUEBEC,HOME OFFICE
Cust_820,DARREN BUDD,QUEBEC,QUEBEC,CORPORATE
Cust_821,LIZ WILLINGHAM,QUEBEC,QUEBEC,HOME OFFICE
Cust_822,STEFANIA PERRINO,QUEBEC,QUEBEC,CORPORATE
Cust_823,THEA HENDRICKS,QUEBEC,QUEBEC,HOME OFFICE
Cust_824,GRANT THORNTON,QUEBEC,QUEBEC,CORPORATE
Cust_825,CARLOS MEADOR,QUEBEC,QUEBEC,CONSUMER
Cust_826,CARLOS MEADOR,QUEBEC,QUEBEC,CORPORATE
Cust_827,DOUG JACOBS,QUEBEC,QUEBEC,HOME OFFICE
Cust_828,BECKY MARTIN,QUEBEC,QUEBEC,HOME OFFICE
Cust_829,SPEROS GORANITIS,QUEBEC,QUEBEC,CORPORATE
Cust_830,KATHERINE MURRAY,QUEBEC,QUEBEC,HOME OFFICE
Cust_831,MICHAEL PAIGE,QUEBEC,QUEBEC,SMALL BUSINESS
Cust_832,ROBERT BARROSO,QUEBEC,QUEBEC,SMALL BUSINESS
Cust_833,DEAN PERCER,QUEBEC,QUEBEC,HOME OFFICE
Cust_834,ANN BLUME,QUEBEC,QUEBEC,SMALL BUSINESS
Cust_835,DAMALA KOTSONIS,QUEBEC,QUEBEC,CORPORATE
Cust_836,PAUL KNUTSON,QUEBEC,QUEBEC,CORPORATE
Cust_837,GEORGE ZREBASSA,QUEBEC,QUEBEC,HOME OFFICE
Cust_838,NOEL STAAVOS,QUEBEC,QUEBEC,HOME OFFICE
Cust_839,AARON HAWKINS,QUEBEC,QUEBEC,HOME OFFICE
Cust_840,ELLIS BALLARD,QUEBEC,QUEBEC,CORPORATE
Cust_841,TOM PRESCOTT,QUEBEC,QUEBEC,SMALL BUSINESS
Cust_842,DIANNA ARNETT,QUEBEC,QUEBEC,HOME OFFICE
Cust_843,CHUCK SACHS,QUEBEC,QUEBEC,CONSUMER
Cust_844,BILL SHONELY,QUEBEC,QUEBEC,SMALL BUSINESS
Cust_845,ERIC BARRETO,QUEBEC,QUEBEC,CONSUMER
Cust_846,DAVE POIRIER,QUEBEC,QUEBEC,SMALL BUSINESS
Cust_847,DAVID FLASHING,QUEBEC,QUEBEC,HOME OFFICE
Cust_848,ELIZABETH MOFFITT,QUEBEC,QUEBEC,CONSUMER
Cust_849,BEN PETERMAN,QUEBEC,QUEBEC,CORPORATE
Cust_850,BRAD THOMAS,QUEBEC,QUEBEC,HOME OFFICE
Cust_851,YANA SORENSEN,QUEBEC,QUEBEC,CORPORATE
Cust_852,JANET MARTIN,QUEBEC,QUEBEC,CORPORATE
Cust_853,DEBRA CATINI,QUEBEC,QUEBEC,SMALL BUSINESS
Cust_854,DAN CAMPBELL,QUEBEC,QUEBEC,SMALL BUSINESS
Cust_855,SYLVIA FOULSTON,QUEBEC,QUEBEC,CORPORATE
Cust_856,ALEX GRAYSON,QUEBEC,QUEBEC,CONSUMER
Cust_857,BARRY FRANZ,QUEBEC,QUEBEC,CORPORATE
Cust_858,ANTHONY GARVERICK,QUEBEC,QUEBEC,SMALL BUSINESS
Cust_859,ASTREA JONES,QUEBEC,QUEBEC,CORPORATE
Cust_860,CATHY HWANG,QUEBEC,QUEBEC,HOME OFFICE
Cust_861,DEBORAH BRUMFIELD,QUEBEC,QUEBEC,CORPORATE
Cust_862,FRANK ATKINSON,QUEBEC,QUEBEC,CORPORATE
Cust_863,JULIE KRIZ,QUEBEC,QUEBEC,CORPORATE
Cust_864,ERICA HERNANDEZ,QUEBEC,QUEBEC,SMALL BUSINESS
Cust_865,BOBBY ELIAS,QUEBEC,QUEBEC,SMALL BUSINESS
Cust_866,JONI WASSERMAN,QUEBEC,QUEBEC,CONSUMER
Cust_867,JENNIFER PATT,QUEBEC,QUEBEC,HOME OFFICE
Cust_868,DIANNA WILSON,QUEBEC,QUEBEC,SMALL BUSINESS
Cust_869,EMILY PHAN,QUEBEC,QUEBEC,CONSUMER
Cust_870,KARL BROWN,QUEBEC,QUEBEC,HOME OFFICE
Cust_871,MARIBETH DONA,QUEBEC,QUEBEC,HOME OFFICE
Cust_872,EVAN HENRY,QUEBEC,QUEBEC,CORPORATE
Cust_873,BILL TYLER,QUEBEC,QUEBEC,CONSUMER
Cust_874,DENISE LEINENBACH,QUEBEC,QUEBEC,HOME OFFICE
Cust_875,MICHAEL STEWART,QUEBEC,QUEBEC,SMALL BUSINESS
Cust_876,CORINNA MITCHELL,QUEBEC,QUEBEC,CORPORATE
Cust_877,MICHAEL KENNEDY,QUEBEC,QUEBEC,CORPORATE
Cust_878,ALAN SHONELY,QUEBEC,QUEBEC,SMALL BUSINESS
Cust_879,SHIRLEY JACKSON,QUEBEC,QUEBEC,CORPORATE
Cust_880,FRED MCMATH,QUEBEC,QUEBEC,SMALL BUSINESS
Cust_881,ANDY REITER,QUEBEC,QUEBEC,CORPORATE
Cust_882,KARL BROWN,QUEBEC,QUEBEC,CORPORATE
Cust_883,MUHAMMED LEE,QUEBEC,QUEBEC,CONSUMER
Cust_884,PIERRE WENER,QUEBEC,QUEBEC,HOME OFFICE
Cust_885,PAUL LUCAS,QUEBEC,QUEBEC,CORPORATE
Cust_886,BENJAMIN VENIER,QUEBEC,QUEBEC,SMALL BUSINESS
Cust_887,HAROLD DAHLEN,QUEBEC,QUEBEC,CORPORATE
Cust_888,ERIC BARRETO,QUEBEC,QUEBEC,SMALL BUSINESS
Cust_889,TROY STAEBEL,QUEBEC,QUEBEC,SMALL BUSINESS
Cust_890,TRACY PODDAR,QUEBEC,QUEBEC,CORPORATE
Cust_891,BOBBY TRAFTON,QUEBEC,QUEBEC,CORPORATE
Cust_892,TONY MOLINARI,QUEBEC,QUEBEC,CORPORATE
Cust_893,RICK DUSTON,QUEBEC,QUEBEC,CORPORATE
Cust_894,BRENDAN MURRY,QUEBEC,QUEBEC,CORPORATE
Cust_895,CHRISTY BRITTAIN,QUEBEC,QUEBEC,CONSUMER
Cust_896,CRAIG YEDWAB,QUEBEC,QUEBEC,CONSUMER
Cust_897,BOBBY TRAFTON,QUEBEC,QUEBEC,SMALL BUSINESS
Cust_898,KATRINA WILLMAN,QUEBEC,QUEBEC,CONSUMER
Cust_899,GIULIETTA DORTCH,QUEBEC,QUEBEC,CONSUMER
Cust_900,PETER MCVEE,QUEBEC,QUEBEC,SMALL BUSINESS
Cust_901,COREY LOCK,QUEBEC,QUEBEC,HOME OFFICE
Cust_902,BRADLEY DRUCKER,QUEBEC,QUEBEC,SMALL BUSINESS
Cust_903,DARRIN SAYRE,QUEBEC,QUEBEC,CONSUMER
Cust_904,DEANRA ENO,QUEBEC,QUEBEC,CORPORATE
Cust_905,BRAD THOMAS,QUEBEC,QUEBEC,CORPORATE
Cust_906,MARK PACKER,QUEBEC,QUEBEC,SMALL BUSINESS
Cust_907,ELENI MCCRARY,QUEBEC,QUEBEC,CORPORATE
Cust_908,BART FOLK,QUEBEC,QUEBEC,CORPORATE
Cust_909,DEAN PERCER,QUEBEC,QUEBEC,CONSUMER
Cust_910,SYLVIA FOULSTON,QUEBEC,QUEBEC,HOME OFFICE
Cust_911,SARA LUXEMBURG,QUEBEC,QUEBEC,SMALL BUSINESS
Cust_912,KEITH HERRERA,QUEBEC,QUEBEC,CORPORATE
Cust_913,KEITH HERRERA,QUEBEC,QUEBEC,SMALL BUSINESS
Cust_914,CYNTHIA VOLTZ,QUEBEC,QUEBEC,CORPORATE
Cust_915,MICHAEL OAKMAN,QUEBEC,QUEBEC,SMALL BUSINESS
Cust_916,DAVID KENDRICK,QUEBEC,QUEBEC,HOME OFFICE
Cust_917,NICOLE BRENNAN,QUEBEC,QUEBEC,HOME OFFICE
Cust_918,BRIAN STUGART,QUEBEC,QUEBEC,CONSUMER
Cust_919,KAREN FERGUSON,QUEBEC,QUEBEC,HOME OFFICE
Cust_920,MARK HABERLIN,QUEBEC,QUEBEC,SMALL BUSINESS
Cust_921,GIULIETTA DORTCH,QUEBEC,QUEBEC,CORPORATE
Cust_922,DEBORAH BRUMFIELD,QUEBEC,QUEBEC,SMALL BUSINESS
Cust_923,MAUREEN GASTINEAU,QUEBEC,QUEBEC,CONSUMER
Cust_924,JULIA BARNETT,QUEBEC,QUEBEC,CORPORATE
Cust_925,ANNE PRYOR,QUEBEC,QUEBEC,CONSUMER
Cust_926,JUSTIN HIRSH,QUEBEC,QUEBEC,CONSUMER
Cust_927,DORRIS LOVE,QUEBEC,QUEBEC,HOME OFFICE
Cust_928,BILL EPLETT,QUEBEC,QUEBEC,CORPORATE
Cust_929,CAROLINE JUMPER,QUEBEC,QUEBEC,CORPORATE
Cust_930,PAMELA STOBB,QUEBEC,QUEBEC,CONSUMER
Cust_931,AARON SMAYLING,QUEBEC,QUEBEC,SMALL BUSINESS
Cust_932,JASPER CACIOPPO,QUEBEC,QUEBEC,HOME OFFICE
Cust_933,ALAN HAINES,QUEBEC,QUEBEC,CONSUMER
Cust_934,LOGAN HAUSHALTER,QUEBEC,QUEBEC,CORPORATE
Cust_935,LENA CACIOPPO,QUEBEC,QUEBEC,HOME OFFICE
Cust_936,DEIRDRE GREER,QUEBEC,QUEBEC,HOME OFFICE
Cust_937,JOHN STEVENSON,QUEBEC,QUEBEC,SMALL BUSINESS
Cust_938,SHERI GORDON,QUEBEC,QUEBEC,CORPORATE
Cust_939,BEN WALLACE,QUEBEC,QUEBEC,HOME OFFICE
Cust_940,MAX ENGLE,QUEBEC,QUEBEC,CORPORATE
Cust_941,FRED CHUNG,QUEBEC,QUEBEC,CORPORATE
Cust_942,DENNIS KANE,QUEBEC,QUEBEC,SMALL BUSINESS
Cust_943,PHILLIP FLATHMANN,QUEBEC,QUEBEC,SMALL BUSINESS
Cust_944,MATHEW REESE,QUEBEC,QUEBEC,SMALL BUSINESS
Cust_945,STUART VAN,QUEBEC,QUEBEC,CONSUMER
Cust_946,BRENDA BOWMAN,QUEBEC,QUEBEC,SMALL BUSINESS
Cust_947,DANIEL LACY,QUEBEC,QUEBEC,SMALL BUSINESS
Cust_948,JENNIFER FERGUSON,QUEBEC,QUEBEC,CORPORATE
Cust_949,THERESA SWINT,QUEBEC,QUEBEC,CONSUMER
Cust_950,ALAN HAINES,QUEBEC,QUEBEC,HOME OFFICE
Cust_951,KATHERINE NOCKTON,QUEBEC,QUEBEC,HOME OFFICE
Cust_952,STEWART VISINSKY,QUEBEC,QUEBEC,CORPORATE
Cust_953,JEREMY FARRY,QUEBEC,QUEBEC,SMALL BUSINESS
Cust_954,CLAY LUDTKE,QUEBEC,QUEBEC,CONSUMER
Cust_955,LAUREL ELLISTON,QUEBEC,QUEBEC,CORPORATE
Cust_956,KATHERINE NOCKTON,QUEBEC,QUEBEC,CORPORATE
Cust_957,THERESA SWINT,QUEBEC,QUEBEC,SMALL BUSINESS
Cust_958,JEREMY LONSDALE,QUEBEC,QUEBEC,CORPORATE
Cust_959,MITCH WEBBER,QUEBEC,QUEBEC,CORPORATE
Cust_960,SHIRLEY SCHMIDT,QUEBEC,QUEBEC,CORPORATE
Cust_961,CAROL TRIGGS,QUEBEC,QUEBEC,HOME OFFICE
Cust_962,JUSTIN MACKENDRICK,QUEBEC,QUEBEC,CORPORATE
Cust_963,JENNIFER FERGUSON,QUEBEC,QUEBEC,HOME OFFICE
Cust_964,SARAH BROWN,QUEBEC,QUEBEC,CONSUMER
Cust_965,ANNE PRYOR,QUEBEC,QUEBEC,HOME OFFICE
Cust_966,TONY SAYRE,QUEBEC,QUEBEC,SMALL BUSINESS
Cust_967,KAREN FERGUSON,QUEBEC,QUEBEC,CORPORATE
Cust_968,DIONIS LLOYD,QUEBEC,QUEBEC,SMALL BUSINESS
Cust_969,CAROL TRIGGS,QUEBEC,QUEBEC,CORPORATE
Cust_970,LINDSAY CASTELL,QUEBEC,QUEBEC,SMALL BUSINESS
Cust_971,MICHAEL CHEN,QUEBEC,QUEBEC,CONSUMER
Cust_972,TONY SAYRE,QUEBEC,QUEBEC,HOME OFFICE
Cust_973,THERESA SWINT,QUEBEC,QUEBEC,HOME OFFICE
Cust_974,DORRIS LOVE,QUEBEC,QUEBEC,CORPORATE
Cust_975,LAUREL ELLISTON,QUEBEC,QUEBEC,HOME OFFICE
Cust_976,TOBY CARLISLE,QUEBEC,QUEBEC,HOME OFFICE
Cust_977,TED BUTTERFIELD,QUEBEC,QUEBEC,CORPORATE
Cust_978,NORA PRICE,QUEBEC,QUEBEC,HOME OFFICE
Cust_979,LIZ WILLINGHAM,QUEBEC,QUEBEC,CORPORATE
Cust_980,LINDSAY CASTELL,QUEBEC,QUEBEC,CORPORATE
Cust_981,ANNE PRYOR,QUEBEC,QUEBEC,CORPORATE
Cust_982,NORA PRICE,QUEBEC,QUEBEC,SMALL BUSINESS
Cust_983,MUHAMMED YEDWAB,QUEBEC,QUEBEC,CONSUMER
Cust_984,BRENDA BOWMAN,QUEBEC,QUEBEC,HOME OFFICE
Cust_985,KIMBERLY CARTER,QUEBEC,QUEBEC,SMALL BUSINESS
Cust_986,BRIAN THOMPSON,QUEBEC,QUEBEC,HOME OFFICE
Cust_987,KIMBERLY CARTER,QUEBEC,QUEBEC,HOME OFFICE
Cust_988,SHIRLEY DANIELS,QUEBEC,QUEBEC,CORPORATE
Cust_989,ARTHUR GAINER,QUEBEC,QUEBEC,CORPORATE
Cust_990,TRACY PODDAR,ONTARIO,ONTARIO,CORPORATE
Cust_991,STUART CALHOUN,ONTARIO,ONTARIO,CONSUMER
Cust_992,ARTHUR PRICHEP,ONTARIO,ONTARIO,HOME OFFICE
Cust_993,KEAN NGUYEN,ONTARIO,ONTARIO,CORPORATE
Cust_994,JIM KRIZ,ONTARIO,ONTARIO,CONSUMER
Cust_995,HAROLD RYAN,ONTARIO,ONTARIO,HOME OFFICE
Cust_996,JOHN LUCAS,ONTARIO,ONTARIO,CORPORATE
Cust_997,ALEJANDRO GROVE,ONTARIO,ONTARIO,CORPORATE
Cust_998,SAM ZELDIN,ONTARIO,ONTARIO,SMALL BUSINESS
Cust_999,SALLY HUGHSBY,ONTARIO,ONTARIO,CONSUMER
Cust_1000,JANE WACO,ONTARIO,ONTARIO,CORPORATE
Cust_1001,SANDRA FLANAGAN,ONTARIO,ONTARIO,HOME OFFICE
Cust_1002,STEVE NGUYEN,ONTARIO,ONTARIO,CONSUMER
Cust_1003,HERBERT FLENTYE,ONTARIO,ONTARIO,SMALL BUSINESS
Cust_1004,SANDRA FLANAGAN,ONTARIO,ONTARIO,CORPORATE
Cust_1005,LIZ WILLINGHAM,ONTARIO,ONTARIO,HOME OFFICE
Cust_1006,XYLONA PRICE,ONTARIO,ONTARIO,CORPORATE
Cust_1007,JOHN LUCAS,ONTARIO,ONTARIO,SMALL BUSINESS
Cust_1008,BILL OVERFELT,ONTARIO,ONTARIO,CORPORATE
Cust_1009,JOHN GRADY,ONTARIO,ONTARIO,CORPORATE
Cust_1010,ROBERT MARLEY,ONTARIO,ONTARIO,CORPORATE
Cust_1011,MICK HERNANDEZ,ONTARIO,ONTARIO,HOME OFFICE
Cust_1012,GUY PHONELY,ONTARIO,ONTARIO,CORPORATE
Cust_1013,JAY KIMMEL,ONTARIO,ONTARIO,SMALL BUSINESS
Cust_1014,MATT CONNELL,ONTARIO,ONTARIO,CORPORATE
Cust_1015,STEVE NGUYEN,ONTARIO,ONTARIO,SMALL BUSINESS
Cust_1016,VIVEK GRADY,ONTARIO,ONTARIO,HOME OFFICE
Cust_1017,BEN FERRER,ONTARIO,ONTARIO,CORPORATE
Cust_1018,KAREN DANIELS,ONTARIO,ONTARIO,CONSUMER
Cust_1019,PAMELA COAKLEY,ONTARIO,ONTARIO,CORPORATE
Cust_1020,KATHERINE NOCKTON,ONTARIO,ONTARIO,HOME OFFICE
Cust_1021,DENNY BLANTON,ONTARIO,ONTARIO,HOME OFFICE
Cust_1022,KATHERINE NOCKTON,ONTARIO,ONTARIO,CORPORATE
Cust_1023,KEAN NGUYEN,ONTARIO,ONTARIO,SMALL BUSINESS
Cust_1024,LAURA ARMSTRONG,ONTARIO,ONTARIO,SMALL BUSINESS
Cust_1025,VIVEK GRADY,ONTARIO,ONTARIO,CORPORATE
Cust_1026,LINDSAY SHAGIARI,ONTARIO,ONTARIO,HOME OFFICE
Cust_1027,CATHY PRESCOTT,ONTARIO,ONTARIO,CORPORATE
Cust_1028,LIZ WILLINGHAM,ONTARIO,ONTARIO,CORPORATE
Cust_1029,STEPHANIE ULPRIGHT,ONTARIO,ONTARIO,CONSUMER
Cust_1030,ODELLA NELSON,ONTARIO,ONTARIO,SMALL BUSINESS
Cust_1031,SALLY HUGHSBY,ONTARIO,ONTARIO,HOME OFFICE
Cust_1032,ARTHUR PRICHEP,ONTARIO,ONTARIO,SMALL BUSINESS
Cust_1033,RYAN AKIN,ONTARIO,ONTARIO,CONSUMER
Cust_1034,SCOTT COHEN,ONTARIO,ONTARIO,CONSUMER
Cust_1035,TODD SUMRALL,ONTARIO,ONTARIO,CONSUMER
Cust_1036,ALEJANDRO GROVE,ONTARIO,ONTARIO,CONSUMER
Cust_1037,TONY CHAPMAN,ONTARIO,ONTARIO,CONSUMER
Cust_1038,JOHN CASTELL,ONTARIO,ONTARIO,SMALL BUSINESS
Cust_1039,SARAH FOSTER,ONTARIO,ONTARIO,CORPORATE
Cust_1040,LAURA ARMSTRONG,ONTARIO,ONTARIO,CORPORATE
Cust_1041,JOHN CASTELL,ONTARIO,ONTARIO,CONSUMER
Cust_1042,GREG HANSEN,ONTARIO,ONTARIO,HOME OFFICE
Cust_1043,DARRIN MARTIN,ONTARIO,ONTARIO,SMALL BUSINESS
Cust_1044,KEN BRENNAN,ONTARIO,ONTARIO,CONSUMER
Cust_1045,MAX JONES,ONTARIO,ONTARIO,HOME OFFICE
Cust_1046,KEN BRENNAN,ONTARIO,ONTARIO,HOME OFFICE
Cust_1047,JOE KAMBEROVA,ONTARIO,ONTARIO,SMALL BUSINESS
Cust_1048,BARRY FRANZ,ONTARIO,ONTARIO,CORPORATE
Cust_1049,FILIA MCADAMS,ONTARIO,ONTARIO,SMALL BUSINESS
Cust_1050,MAUREEN FRITZLER,ONTARIO,ONTARIO,CORPORATE
Cust_1051,DENNIS BOLTON,ONTARIO,ONTARIO,SMALL BUSINESS
Cust_1052,ART FOSTER,ONTARIO,ONTARIO,HOME OFFICE
Cust_1053,ERICA HACKNEY,ONTARIO,ONTARIO,SMALL BUSINESS
Cust_1054,DON WEISS,ONTARIO,ONTARIO,CORPORATE
Cust_1055,JESSICA MYRICK,ONTARIO,ONTARIO,SMALL BUSINESS
Cust_1056,BRUCE DEGENHARDT,ONTARIO,ONTARIO,HOME OFFICE
Cust_1057,JENNA CAFFEY,ONTARIO,ONTARIO,CONSUMER
Cust_1058,KALYCA MEADE,ONTARIO,ONTARIO,CORPORATE
Cust_1059,TROY BLACKWELL,ONTARIO,ONTARIO,HOME OFFICE
Cust_1060,CLYTIE KELTY,ONTARIO,ONTARIO,SMALL BUSINESS
Cust_1061,MARK COUSINS,ONTARIO,ONTARIO,HOME OFFICE
Cust_1062,JIM SINK,ONTARIO,ONTARIO,CORPORATE
Cust_1063,STEVEN ROELLE,ONTARIO,ONTARIO,SMALL BUSINESS
Cust_1064,FRED WASSERMAN,ONTARIO,ONTARIO,HOME OFFICE
Cust_1065,BETH THOMPSON,ONTARIO,ONTARIO,CORPORATE
Cust_1066,PETE TAKAHITO,ONTARIO,ONTARIO,CORPORATE
Cust_1067,ROB HABERLIN,ONTARIO,ONTARIO,CONSUMER
Cust_1068,ROB HABERLIN,ONTARIO,ONTARIO,CORPORATE
Cust_1069,HALLIE REDMOND,ONTARIO,ONTARIO,HOME OFFICE
Cust_1070,KATRINA WILLMAN,ONTARIO,ONTARIO,CONSUMER
Cust_1071,BENJAMIN PATTERSON,ONTARIO,ONTARIO,CORPORATE
Cust_1072,MARK COUSINS,ONTARIO,ONTARIO,CORPORATE
Cust_1073,GENE MCCLURE,ONTARIO,ONTARIO,CONSUMER
Cust_1074,DENNY JOY,ONTARIO,ONTARIO,CORPORATE
Cust_1075,HALLIE REDMOND,ONTARIO,ONTARIO,SMALL BUSINESS
Cust_1076,AMY COX,ONTARIO,ONTARIO,HOME OFFICE
Cust_1077,KRISTEN HASTINGS,ONTARIO,ONTARIO,SMALL BUSINESS
Cust_1078,KRISTEN HASTINGS,ONTARIO,ONTARIO,CORPORATE
Cust_1079,BENJAMIN VENIER,ONTARIO,ONTARIO,SMALL BUSINESS
Cust_1080,KATHERINE MURRAY,ONTARIO,ONTARIO,HOME OFFICE
Cust_1081,ALAN SCHOENBERGER,ONTARIO,ONTARIO,CORPORATE
Cust_1082,MARK PACKER,ONTARIO,ONTARIO,SMALL BUSINESS
Cust_1083,ERIC BARRETO,ONTARIO,ONTARIO,SMALL BUSINESS
Cust_1084,KARL BROWN,ONTARIO,ONTARIO,CORPORATE
Cust_1085,KARL BROWN,ONTARIO,ONTARIO,HOME OFFICE
Cust_1086,BEN PETERMAN,ONTARIO,ONTARIO,CORPORATE
Cust_1087,DAVE POIRIER,ONTARIO,ONTARIO,SMALL BUSINESS
Cust_1088,AARON HAWKINS,ONTARIO,ONTARIO,HOME OFFICE
Cust_1089,RICK DUSTON,ONTARIO,ONTARIO,CORPORATE
Cust_1090,ALEX GRAYSON,ONTARIO,ONTARIO,CONSUMER
Cust_1091,DIANNA WILSON,ONTARIO,ONTARIO,SMALL BUSINESS
Cust_1092,ERICA HERNANDEZ,ONTARIO,ONTARIO,SMALL BUSINESS
Cust_1093,CHRISTY BRITTAIN,ONTARIO,ONTARIO,CONSUMER
Cust_1094,DAVID KENDRICK,ONTARIO,ONTARIO,HOME OFFICE
Cust_1095,PAUL LUCAS,ONTARIO,ONTARIO,CORPORATE
Cust_1096,RAYMOND FAIR,ONTARIO,ONTARIO,SMALL BUSINESS
Cust_1097,DEBRA CATINI,ONTARIO,ONTARIO,SMALL BUSINESS
Cust_1098,FRED MCMATH,ONTARIO,ONTARIO,SMALL BUSINESS
Cust_1099,ASTREA JONES,ONTARIO,ONTARIO,CORPORATE
Cust_1100,TROY STAEBEL,ONTARIO,ONTARIO,SMALL BUSINESS
Cust_1101,ALEJANDRO SAVELY,ONTARIO,ONTARIO,CORPORATE
Cust_1102,CHRIS CORTES,ONTARIO,ONTARIO,CONSUMER
Cust_1103,CRAIG YEDWAB,ONTARIO,ONTARIO,CONSUMER
Cust_1104,ALAN SHONELY,ONTARIO,ONTARIO,SMALL BUSINESS
Cust_1105,BECKY MARTIN,ONTARIO,ONTARIO,HOME OFFICE
Cust_1106,TONY MOLINARI,ONTARIO,ONTARIO,CORPORATE
Cust_1107,STEFANIA PERRINO,ONTARIO,ONTARIO,CORPORATE
Cust_1108,HUNTER LOPEZ,ONTARIO,ONTARIO,CONSUMER
Cust_1109,DIANNA ARNETT,ONTARIO,ONTARIO,HOME OFFICE
Cust_1110,GIULIETTA DORTCH,ONTARIO,ONTARIO,CORPORATE
Cust_1111,MICHAEL KENNEDY,ONTARIO,ONTARIO,CORPORATE
Cust_1112,ELENI MCCRARY,ONTARIO,ONTARIO,HOME OFFICE
Cust_1113,ELENI MCCRARY,ONTARIO,ONTARIO,CORPORATE
Cust_1114,GEORGE ZREBASSA,ONTARIO,ONTARIO,HOME OFFICE
Cust_1115,DEANRA ENO,ONTARIO,ONTARIO,CORPORATE
Cust_1116,SARA LUXEMBURG,ONTARIO,ONTARIO,SMALL BUSINESS
Cust_1117,PIERRE WENER,ONTARIO,ONTARIO,HOME OFFICE
Cust_1118,ERIC BARRETO,ONTARIO,ONTARIO,CONSUMER
Cust_1119,DAN CAMPBELL,ONTARIO,ONTARIO,SMALL BUSINESS
Cust_1120,PAUL KNUTSON,ONTARIO,ONTARIO,CORPORATE
Cust_1121,JENNIFER PATT,ONTARIO,ONTARIO,HOME OFFICE
Cust_1122,CHUCK SACHS,ONTARIO,ONTARIO,CONSUMER
Cust_1123,DENISE LEINENBACH,ONTARIO,ONTARIO,HOME OFFICE
Cust_1124,CATHY HWANG,ONTARIO,ONTARIO,HOME OFFICE
Cust_1125,EVAN HENRY,ONTARIO,ONTARIO,CORPORATE
Cust_1126,CARLOS MEADOR,ONTARIO,ONTARIO,CORPORATE
Cust_1127,BOBBY ELIAS,ONTARIO,ONTARIO,SMALL BUSINESS
Cust_1128,KEAN THORNTON,ONTARIO,ONTARIO,CORPORATE
Cust_1129,BRIAN STUGART,ONTARIO,ONTARIO,CORPORATE
Cust_1130,GRANT DONATELLI,ONTARIO,ONTARIO,CONSUMER
Cust_1131,JASON FORTUNE,ONTARIO,ONTARIO,CORPORATE
Cust_1132,DAVE BROOKS,ONTARIO,ONTARIO,CORPORATE
Cust_1133,JIM KARLSSON,ONTARIO,ONTARIO,SMALL BUSINESS
Cust_1134,PHILIP FOX,ONTARIO,ONTARIO,HOME OFFICE
Cust_1135,GRANT CARROLL,ONTARIO,ONTARIO,CORPORATE
Cust_1136,GRANT CARROLL,ONTARIO,ONTARIO,SMALL BUSINESS
Cust_1137,IONIA MCGRATH,NEW BRUNSWICK,ATLANTIC,HOME OFFICE
Cust_1138,LORI OLSON,NEW BRUNSWICK,ATLANTIC,CONSUMER
Cust_1139,QUINCY JONES,NEW BRUNSWICK,ATLANTIC,HOME OFFICE
Cust_1140,PATRICK JONES,NEW BRUNSWICK,ATLANTIC,HOME OFFICE
Cust_1141,IONIA MCGRATH,NEW BRUNSWICK,ATLANTIC,SMALL BUSINESS
Cust_1142,NATHAN MAUTZ,NEW BRUNSWICK,ATLANTIC,CORPORATE
Cust_1143,NATHAN MAUTZ,NEW BRUNSWICK,ATLANTIC,HOME OFFICE
Cust_1144,KAREN SEIO,NEW BRUNSWICK,ATLANTIC,CONSUMER
Cust_1145,KEN LONSDALE,NEW BRUNSWICK,ATLANTIC,CONSUMER
Cust_1146,PATRICK GARDNER,NEW BRUNSWICK,ATLANTIC,CONSUMER
Cust_1147,QUINCY JONES,NEW BRUNSWICK,ATLANTIC,CORPORATE
Cust_1148,NONA BALK,NEW BRUNSWICK,ATLANTIC,CORPORATE
Cust_1149,ERIN MULL,NEW BRUNSWICK,ATLANTIC,SMALL BUSINESS
Cust_1150,JOHN LEE,NEW BRUNSWICK,ATLANTIC,CORPORATE
Cust_1151,EMILY PHAN,NEW BRUNSWICK,ATLANTIC,CONSUMER
Cust_1152,ERIN MULL,NEW BRUNSWICK,ATLANTIC,CORPORATE
Cust_1153,JUSTIN DEGGELLER,NEW BRUNSWICK,ATLANTIC,CORPORATE
Cust_1154,TONY SAYRE,NEW BRUNSWICK,ATLANTIC,HOME OFFICE
Cust_1155,KEITH DAWKINS,MANITOBA,PRARIE,HOME OFFICE
Cust_1156,JOE ELIJAH,MANITOBA,PRARIE,HOME OFFICE
Cust_1157,SHERI GORDON,MANITOBA,PRARIE,CORPORATE
Cust_1158,STEFANIE HOLLOMAN,MANITOBA,PRARIE,SMALL BUSINESS
Cust_1159,KEN BLACK,MANITOBA,PRARIE,CONSUMER
Cust_1160,LINDSAY WILLIAMS,MANITOBA,PRARIE,CORPORATE
Cust_1161,LOGAN CURRIE,MANITOBA,PRARIE,SMALL BUSINESS
Cust_1162,STEVE CHAPMAN,MANITOBA,PRARIE,CORPORATE
Cust_1163,MARC CRIER,MANITOBA,PRARIE,CORPORATE
Cust_1164,DAVE BROOKS,MANITOBA,PRARIE,CORPORATE
Cust_1165,DEBORAH BRUMFIELD,MANITOBA,PRARIE,CORPORATE
Cust_1166,SCOT WOOTEN,MANITOBA,PRARIE,CORPORATE
Cust_1167,NICOLE BRENNAN,MANITOBA,PRARIE,CONSUMER
Cust_1168,JOHN LEE,MANITOBA,PRARIE,CORPORATE
Cust_1169,DENISE MONTON,MANITOBA,PRARIE,HOME OFFICE
Cust_1170,DEBORAH BRUMFIELD,MANITOBA,PRARIE,SMALL BUSINESS
Cust_1171,MARC CRIER,MANITOBA,PRARIE,CONSUMER
Cust_1172,CYNTHIA DELANEY,MANITOBA,PRARIE,CORPORATE
Cust_1173,ED BRAXTON,MANITOBA,PRARIE,HOME OFFICE
Cust_1174,ED BRAXTON,MANITOBA,PRARIE,CONSUMER
Cust_1175,PHILLIP FLATHMANN,MANITOBA,PRARIE,SMALL BUSINESS
Cust_1176,COREY CATLETT,MANITOBA,PRARIE,HOME OFFICE
Cust_1177,VALERIE TAKAHITO,MANITOBA,PRARIE,CONSUMER
Cust_1178,PENELOPE SEWALL,MANITOBA,PRARIE,HOME OFFICE
Cust_1179,SEAN BRAXTON,MANITOBA,PRARIE,SMALL BUSINESS
Cust_1180,VALERIE DOMINGUEZ,MANITOBA,PRARIE,CORPORATE
Cust_1181,SUSAN MACKENDRICK,MANITOBA,PRARIE,CORPORATE
Cust_1182,THAIS SISSMAN,MANITOBA,PRARIE,CORPORATE
Cust_1183,TANJA NORVELL,MANITOBA,PRARIE,CONSUMER
Cust_1184,LINDA SOUTHWORTH,MANITOBA,PRARIE,CONSUMER
Cust_1185,MICHAEL MOORE,MANITOBA,PRARIE,CORPORATE
Cust_1186,PATRICK RYAN,MANITOBA,PRARIE,CORPORATE
Cust_1187,TROY BLACKWELL,MANITOBA,PRARIE,HOME OFFICE
Cust_1188,THAIS SISSMAN,MANITOBA,PRARIE,SMALL BUSINESS
Cust_1189,ROSS BAIRD,MANITOBA,PRARIE,CORPORATE
Cust_1190,TRACY ZIC,MANITOBA,PRARIE,CONSUMER
Cust_1191,JACK GARZA,MANITOBA,PRARIE,CORPORATE
Cust_1192,GARY MCGARR,MANITOBA,PRARIE,HOME OFFICE
Cust_1193,MICK CREBAGGA,MANITOBA,PRARIE,HOME OFFICE
Cust_1194,ROY SKARIA,MANITOBA,PRARIE,CORPORATE
Cust_1195,STEVEN WARD,MANITOBA,PRARIE,CONSUMER
Cust_1196,TANJA NORVELL,MANITOBA,PRARIE,CORPORATE
Cust_1197,RYAN CROWE,MANITOBA,PRARIE,SMALL BUSINESS
Cust_1198,IRENE MADDOX,MANITOBA,PRARIE,CONSUMER
Cust_1199,NICK RADFORD,MANITOBA,PRARIE,CORPORATE
Cust_1200,THERESA SWINT,MANITOBA,PRARIE,CONSUMER
Cust_1201,MAURICE SATTY,MANITOBA,PRARIE,CORPORATE
Cust_1202,HENRY GOLDWYN,MANITOBA,PRARIE,SMALL BUSINESS
Cust_1203,VICTOR PRICE,MANITOBA,PRARIE,CONSUMER
Cust_1204,MAUREEN GRACE,MANITOBA,PRARIE,CORPORATE
Cust_1205,ERIC HOFFMANN,MANITOBA,PRARIE,SMALL BUSINESS
Cust_1206,JILL STEVENSON,MANITOBA,PRARIE,CONSUMER
Cust_1207,EVAN BAILLIET,MANITOBA,PRARIE,CORPORATE
Cust_1208,MEG TILLMAN,MANITOBA,PRARIE,SMALL BUSINESS
Cust_1209,RUSSELL D'ASCENZO,MANITOBA,PRARIE,CONSUMER
Cust_1210,GARY HWANG,MANITOBA,PRARIE,HOME OFFICE
Cust_1211,JOSEPH AIRDO,MANITOBA,PRARIE,CONSUMER
Cust_1212,EMILY DUCICH,MANITOBA,PRARIE,CONSUMER
Cust_1213,STEWART VISINSKY,MANITOBA,PRARIE,CORPORATE
Cust_1214,STEVEN CARTWRIGHT,MANITOBA,PRARIE,HOME OFFICE
Cust_1215,SUE ANN REED,MANITOBA,PRARIE,CONSUMER
Cust_1216,SANJIT ENGLE,MANITOBA,PRARIE,HOME OFFICE
Cust_1217,KATHERINE DUCICH,MANITOBA,PRARIE,CORPORATE
Cust_1218,MIKE GOCKENBACH,MANITOBA,PRARIE,CONSUMER
Cust_1219,TOM ZANDUSKY,MANITOBA,PRARIE,HOME OFFICE
Cust_1220,DENNY JOY,MANITOBA,PRARIE,CORPORATE
Cust_1221,HENIA ZYDLO,MANITOBA,PRARIE,HOME OFFICE
Cust_1222,TRACY COLLINS,MANITOBA,PRARIE,CONSUMER
Cust_1223,NATALIE WEBBER,MANITOBA,PRARIE,CONSUMER
Cust_1224,TOBY KNIGHT,MANITOBA,PRARIE,CONSUMER
Cust_1225,MARIA ZETTNER,MANITOBA,PRARIE,CORPORATE
Cust_1226,THEA HUDGINGS,MANITOBA,PRARIE,CONSUMER
Cust_1227,NATALIE WEBBER,MANITOBA,PRARIE,CORPORATE
Cust_1228,NORA PELLETIER,MANITOBA,PRARIE,CORPORATE
Cust_1229,MATTHEW CLASEN,MANITOBA,PRARIE,CONSUMER
Cust_1230,NORA PELLETIER,MANITOBA,PRARIE,HOME OFFICE
Cust_1231,MICK CREBAGGA,MANITOBA,PRARIE,CORPORATE
Cust_1232,JAMIE FRAZER,MANITOBA,PRARIE,SMALL BUSINESS
Cust_1233,MICHAEL OAKMAN,MANITOBA,PRARIE,SMALL BUSINESS
Cust_1234,JOSEPH AIRDO,MANITOBA,PRARIE,CORPORATE
Cust_1235,TRACY COLLINS,MANITOBA,PRARIE,CORPORATE
Cust_1236,RACHEL PAYNE,MANITOBA,PRARIE,CONSUMER
Cust_1237,CRAIG MOLINARI,MANITOBA,PRARIE,SMALL BUSINESS
Cust_1238,JOY DANIELS,MANITOBA,PRARIE,CORPORATE
Cust_1239,JILL FJELD,MANITOBA,PRARIE,HOME OFFICE
Cust_1240,GENE MCCLURE,MANITOBA,PRARIE,CONSUMER
Cust_1241,RICK BENSLEY,MANITOBA,PRARIE,CONSUMER
Cust_1242,THOMAS BRUMLEY,MANITOBA,PRARIE,CONSUMER
Cust_1243,DARRIN MARTIN,MANITOBA,PRARIE,SMALL BUSINESS
Cust_1244,JULIE KRIZ,MANITOBA,PRARIE,CORPORATE
Cust_1245,RUSSELL APPLEGATE,MANITOBA,PRARIE,SMALL BUSINESS
Cust_1246,ERIC BARRETO,MANITOBA,PRARIE,SMALL BUSINESS
Cust_1247,GENE MCCLURE,MANITOBA,PRARIE,HOME OFFICE
Cust_1248,TOBY KNIGHT,MANITOBA,PRARIE,CORPORATE
Cust_1249,MARIBETH SCHNELLING,MANITOBA,PRARIE,CORPORATE
Cust_1250,ARTHUR GAINER,MANITOBA,PRARIE,CONSUMER
Cust_1251,THERESA SWINT,MANITOBA,PRARIE,SMALL BUSINESS
Cust_1252,HARRY MARIE,MANITOBA,PRARIE,CONSUMER
Cust_1253,RACHEL PAYNE,MANITOBA,PRARIE,HOME OFFICE
Cust_1254,ELPIDA RITTENBACH,MANITOBA,PRARIE,CONSUMER
Cust_1255,RUSSELL APPLEGATE,MANITOBA,PRARIE,HOME OFFICE
Cust_1256,ROLAND MURRAY,MANITOBA,PRARIE,HOME OFFICE
Cust_1257,ARTHUR GAINER,MANITOBA,PRARIE,CORPORATE
Cust_1258,PETER FULLER,SASKACHEWAN,PRARIE,CONSUMER
Cust_1259,SAM CRAVEN,SASKACHEWAN,PRARIE,HOME OFFICE
Cust_1260,MITCH WILLINGHAM,SASKACHEWAN,PRARIE,CORPORATE
Cust_1261,JOHN DRYER,SASKACHEWAN,PRARIE,CORPORATE
Cust_1262,SUSAN GILCREST,SASKACHEWAN,PRARIE,HOME OFFICE
Cust_1263,KEN HEIDEL,SASKACHEWAN,PRARIE,CORPORATE
Cust_1264,PATRICK RYAN,SASKACHEWAN,PRARIE,CORPORATE
Cust_1265,RANDY BRADLEY,SASKACHEWAN,PRARIE,SMALL BUSINESS
Cust_1266,WILLIAM BROWN,SASKACHEWAN,PRARIE,CORPORATE
Cust_1267,RICK HANSEN,SASKACHEWAN,PRARIE,CORPORATE
Cust_1268,TOBY GRACE,SASKACHEWAN,PRARIE,HOME OFFICE
Cust_1269,JOSEPH HOLT,SASKACHEWAN,PRARIE,HOME OFFICE
Cust_1270,MAYA HERMAN,SASKACHEWAN,PRARIE,CORPORATE
Cust_1271,RICK HANSEN,SASKACHEWAN,PRARIE,HOME OFFICE
Cust_1272,ASHLEY JARBOE,SASKACHEWAN,PRARIE,SMALL BUSINESS
Cust_1273,RANDY BRADLEY,SASKACHEWAN,PRARIE,CORPORATE
Cust_1274,WILLIAM BROWN,SASKACHEWAN,PRARIE,HOME OFFICE
Cust_1275,ASHLEY JARBOE,SASKACHEWAN,PRARIE,HOME OFFICE
Cust_1276,PAULINE WEBBER,SASKACHEWAN,PRARIE,CONSUMER
Cust_1277,MATT COLLISTER,SASKACHEWAN,PRARIE,HOME OFFICE
Cust_1278,KEAN TAKAHITO,SASKACHEWAN,PRARIE,HOME OFFICE
Cust_1279,JULIA DUNBAR,SASKACHEWAN,PRARIE,CONSUMER
Cust_1280,NICK ZANDUSKY,SASKACHEWAN,PRARIE,SMALL BUSINESS
Cust_1281,PETER FULLER,SASKACHEWAN,PRARIE,CORPORATE
Cust_1282,NEOMA MURRAY,SASKACHEWAN,PRARIE,SMALL BUSINESS
Cust_1283,SUNG CHUNG,SASKACHEWAN,PRARIE,HOME OFFICE
Cust_1284,DARRIN VAN HUFF,SASKACHEWAN,PRARIE,HOME OFFICE
Cust_1285,BRIAN MOSS,SASKACHEWAN,PRARIE,CORPORATE
Cust_1286,MAX LUDWIG,SASKACHEWAN,PRARIE,CORPORATE
Cust_1287,MICHELLE MORAY,SASKACHEWAN,PRARIE,CORPORATE
Cust_1288,EVA JACOBS,SASKACHEWAN,PRARIE,HOME OFFICE
Cust_1289,CRAIG RIDER,SASKACHEWAN,PRARIE,SMALL BUSINESS
Cust_1290,MARIBETH YEDWAB,SASKACHEWAN,PRARIE,HOME OFFICE
Cust_1291,CINDY SCHNELLING,SASKACHEWAN,PRARIE,CORPORATE
Cust_1292,EUGENE MOREN,SASKACHEWAN,PRARIE,HOME OFFICE
Cust_1293,LIZ PRICE,SASKACHEWAN,PRARIE,CORPORATE
Cust_1294,LIZ PRICE,SASKACHEWAN,PRARIE,CONSUMER
Cust_1295,MARK VAN HUFF,SASKACHEWAN,PRARIE,HOME OFFICE
Cust_1296,STEFANIA PERRINO,SASKACHEWAN,PRARIE,CORPORATE
Cust_1297,MARK HAMILTON,SASKACHEWAN,PRARIE,HOME OFFICE
Cust_1298,CHUCK MAGEE,SASKACHEWAN,PRARIE,CORPORATE
Cust_1299,SUNG SHARIARI,SASKACHEWAN,PRARIE,CORPORATE
Cust_1300,NONA BALK,SASKACHEWAN,PRARIE,CORPORATE
Cust_1301,TOM STIVERS,SASKACHEWAN,PRARIE,SMALL BUSINESS
Cust_1302,RICHARD EICHHORN,SASKACHEWAN,PRARIE,CONSUMER
Cust_1303,NEIL FRENCH,SASKACHEWAN,PRARIE,CONSUMER
Cust_1304,NEIL FRENCH,SASKACHEWAN,PRARIE,CORPORATE
Cust_1305,NICOLE FJELD,SASKACHEWAN,PRARIE,SMALL BUSINESS
Cust_1306,SUZANNE MCNAIR,SASKACHEWAN,PRARIE,SMALL BUSINESS
Cust_1307,ANDY REITER,SASKACHEWAN,PRARIE,CORPORATE
Cust_1308,SUZANNE MCNAIR,SASKACHEWAN,PRARIE,CORPORATE
Cust_1309,SUSAN PISTEK,SASKACHEWAN,PRARIE,HOME OFFICE
Cust_1310,NICK CREBASSA,SASKACHEWAN,PRARIE,CORPORATE
Cust_1311,TOM STIVERS,SASKACHEWAN,PRARIE,CORPORATE
Cust_1312,ROB BEEGHLY,SASKACHEWAN,PRARIE,CONSUMER
Cust_1313,ALEKSANDRA GANNAWAY,SASKACHEWAN,PRARIE,HOME OFFICE
Cust_1314,ALEKSANDRA GANNAWAY,SASKACHEWAN,PRARIE,CORPORATE
Cust_1315,ROBERT WALDORF,SASKACHEWAN,PRARIE,HOME OFFICE
Cust_1316,BRENDA BOWMAN,SASKACHEWAN,PRARIE,SMALL BUSINESS
Cust_1317,CARL WEISS,SASKACHEWAN,PRARIE,CONSUMER
Cust_1318,JACK O'BRIANT,SASKACHEWAN,PRARIE,CONSUMER
Cust_1319,JOEL EATON,SASKACHEWAN,PRARIE,HOME OFFICE
Cust_1320,JUSTIN ELLISON,SASKACHEWAN,PRARIE,HOME OFFICE
Cust_1321,JENNIFER JACKSON,SASKACHEWAN,PRARIE,HOME OFFICE
Cust_1322,MICHAEL OAKMAN,SASKACHEWAN,PRARIE,SMALL BUSINESS
Cust_1323,JACK O'BRIANT,SASKACHEWAN,PRARIE,SMALL BUSINESS
Cust_1324,JACK O'BRIANT,SASKACHEWAN,PRARIE,HOME OFFICE
Cust_1325,KAREN BERN,SASKACHEWAN,PRARIE,CORPORATE
Cust_1326,KRISTEN HASTINGS,SASKACHEWAN,PRARIE,CORPORATE
Cust_1327,MEG TILLMAN,SASKACHEWAN,PRARIE,SMALL BUSINESS
Cust_1328,LIZ PELLETIER,SASKACHEWAN,PRARIE,CORPORATE
Cust_1329,JONATHAN DOHERTY,SASKACHEWAN,PRARIE,CORPORATE
Cust_1330,FRANK GASTINEAU,SASKACHEWAN,PRARIE,SMALL BUSINESS
Cust_1331,JANET LEE,SASKACHEWAN,PRARIE,CONSUMER
Cust_1332,RICK WILSON,SASKACHEWAN,PRARIE,CONSUMER
Cust_1333,LYCORIS SAUNDERS,SASKACHEWAN,PRARIE,CORPORATE
Cust_1334,MAXWELL SCHWARTZ,SASKACHEWAN,PRARIE,CORPORATE
Cust_1335,LIZ CARLISLE,SASKACHEWAN,PRARIE,CORPORATE
Cust_1336,NEIL KNUDSON,SASKACHEWAN,PRARIE,CORPORATE
Cust_1337,DENISE MONTON,SASKACHEWAN,PRARIE,HOME OFFICE
Cust_1338,LYCORIS SAUNDERS,SASKACHEWAN,PRARIE,HOME OFFICE
Cust_1339,KELLY COLLISTER,SASKACHEWAN,PRARIE,CONSUMER
Cust_1340,DENNIS PARDUE,SASKACHEWAN,PRARIE,CORPORATE
Cust_1341,DENNIS PARDUE,SASKACHEWAN,PRARIE,SMALL BUSINESS
Cust_1342,NEIL KNUDSON,SASKACHEWAN,PRARIE,HOME OFFICE
Cust_1343,JOHN HUSTON,SASKACHEWAN,PRARIE,CONSUMER
Cust_1344,MARYBETH SKACH,SASKACHEWAN,PRARIE,HOME OFFICE
Cust_1345,RICK WILSON,SASKACHEWAN,PRARIE,CORPORATE
Cust_1346,ANTHONY GARVERICK,SASKACHEWAN,PRARIE,SMALL BUSINESS
Cust_1347,LINDSAY CASTELL,SASKACHEWAN,PRARIE,SMALL BUSINESS
Cust_1348,JUSTIN DEGGELLER,SASKACHEWAN,PRARIE,CORPORATE
Cust_1349,LINDSAY CASTELL,SASKACHEWAN,PRARIE,CORPORATE
Cust_1350,LIZ PELLETIER,SASKACHEWAN,PRARIE,HOME OFFICE
Cust_1351,CRAIG CARREIRA,SASKACHEWAN,PRARIE,CORPORATE
Cust_1352,PAUL STEVENSON,SASKACHEWAN,PRARIE,CORPORATE
Cust_1353,GREG HANSEN,SASKACHEWAN,PRARIE,HOME OFFICE
Cust_1354,BILL EPLETT,SASKACHEWAN,PRARIE,CORPORATE
Cust_1355,JEREMY LONSDALE,SASKACHEWAN,PRARIE,CORPORATE
Cust_1356,IONIA MCGRATH,SASKACHEWAN,PRARIE,SMALL BUSINESS
Cust_1357,IONIA MCGRATH,SASKACHEWAN,PRARIE,HOME OFFICE
Cust_1358,EMILY GRADY,SASKACHEWAN,PRARIE,HOME OFFICE
Cust_1359,VALERIE TAKAHITO,SASKACHEWAN,PRARIE,CONSUMER
Cust_1360,LUKE SCHMIDT,SASKACHEWAN,PRARIE,HOME OFFICE
Cust_1361,KELLY ANDREADA,SASKACHEWAN,PRARIE,HOME OFFICE
Cust_1362,JASON KLAMCZYNSKI,SASKACHEWAN,PRARIE,SMALL BUSINESS
Cust_1363,TRACY HOPKINS,SASKACHEWAN,PRARIE,SMALL BUSINESS
Cust_1364,CRAIG LESLIE,SASKACHEWAN,PRARIE,CONSUMER
Cust_1365,MICHAEL GRACE,SASKACHEWAN,PRARIE,CORPORATE
Cust_1366,SAPHHIRA SHIFLEY,SASKACHEWAN,PRARIE,CORPORATE
Cust_1367,SAPHHIRA SHIFLEY,SASKACHEWAN,PRARIE,CONSUMER
Cust_1368,LAUREL BELTRAN,SASKACHEWAN,PRARIE,CONSUMER
Cust_1369,TRACY BLUMSTEIN,SASKACHEWAN,PRARIE,HOME OFFICE
Cust_1370,LARRY BLACKS,SASKACHEWAN,PRARIE,CONSUMER
Cust_1371,HAROLD DAHLEN,SASKACHEWAN,PRARIE,CORPORATE
Cust_1372,HAROLD DAHLEN,SASKACHEWAN,PRARIE,CONSUMER
Cust_1373,RICHARD BIERNER,SASKACHEWAN,PRARIE,SMALL BUSINESS
Cust_1374,TIFFANY HOUSE,SASKACHEWAN,PRARIE,CORPORATE
Cust_1375,ROY COLLINS,SASKACHEWAN,PRARIE,CORPORATE
Cust_1376,TOBY SWINDELL,SASKACHEWAN,PRARIE,SMALL BUSINESS
Cust_1377,SARAH BROWN,SASKACHEWAN,PRARIE,CONSUMER
Cust_1378,CHRISTINA ANDERSON,SASKACHEWAN,PRARIE,CORPORATE
Cust_1379,ROBERT DILBECK,SASKACHEWAN,PRARIE,CORPORATE
Cust_1380,RANDY FERGUSON,SASKACHEWAN,PRARIE,HOME OFFICE
Cust_1381,ARIANNE IRVING,SASKACHEWAN,PRARIE,CORPORATE
Cust_1382,RANDY FERGUSON,SASKACHEWAN,PRARIE,CORPORATE
Cust_1383,CYNTHIA ARNTZEN,SASKACHEWAN,PRARIE,SMALL BUSINESS
Cust_1384,ANDY GERBODE,SASKACHEWAN,PRARIE,CONSUMER
Cust_1385,AMY HUNT,SASKACHEWAN,PRARIE,HOME OFFICE
Cust_1386,CRAIG MOLINARI,SASKACHEWAN,PRARIE,SMALL BUSINESS
Cust_1387,TRUDY BROWN,SASKACHEWAN,PRARIE,SMALL BUSINESS
Cust_1388,AMY HUNT,SASKACHEWAN,PRARIE,SMALL BUSINESS
Cust_1389,PHILIP FOX,SASKACHEWAN,PRARIE,HOME OFFICE
Cust_1390,BRIAN DAHLEN,SASKACHEWAN,PRARIE,SMALL BUSINESS
Cust_1391,BETH FRITZLER,SASKACHEWAN,PRARIE,SMALL BUSINESS
Cust_1392,BROSINA HOFFMAN,SASKACHEWAN,PRARIE,CONSUMER
Cust_1393,AMY HUNT,SASKACHEWAN,PRARIE,CONSUMER
Cust_1394,CYNTHIA ARNTZEN,SASKACHEWAN,PRARIE,HOME OFFICE
Cust_1395,JENNIFER FERGUSON,SASKACHEWAN,PRARIE,CORPORATE
Cust_1396,PAUL PROST,SASKACHEWAN,PRARIE,CORPORATE
Cust_1397,TOBY CARLISLE,SASKACHEWAN,PRARIE,HOME OFFICE
Cust_1398,ANTHONY WITT,SASKACHEWAN,PRARIE,CORPORATE
Cust_1399,PHILLINA OBER,NEW BRUNSWICK,ATLANTIC,SMALL BUSINESS
Cust_1400,JIM EPP,NEW BRUNSWICK,ATLANTIC,SMALL BUSINESS
Cust_1401,MUHAMMED YEDWAB,NEW BRUNSWICK,ATLANTIC,CONSUMER
Cust_1402,MARIBETH SCHNELLING,NEW BRUNSWICK,ATLANTIC,CORPORATE
Cust_1403,DEANRA ENO,NEW BRUNSWICK,ATLANTIC,CORPORATE
Cust_1404,JAMES GALANG,NEW BRUNSWICK,ATLANTIC,CONSUMER
Cust_1405,KATRINA WILLMAN,NEW BRUNSWICK,ATLANTIC,CONSUMER
Cust_1406,NORA PRICE,NEW BRUNSWICK,ATLANTIC,HOME OFFICE
Cust_1407,LISA DECHERNEY,NEW BRUNSWICK,ATLANTIC,CORPORATE
Cust_1408,LYNN SMITH,NEW BRUNSWICK,ATLANTIC,CORPORATE
Cust_1409,CHRISTINA DEMOSS,NEW BRUNSWICK,ATLANTIC,HOME OFFICE
Cust_1410,CHRISTINE ABELMAN,NEW BRUNSWICK,ATLANTIC,CORPORATE
Cust_1411,NORA PRICE,NEW BRUNSWICK,ATLANTIC,SMALL BUSINESS
Cust_1412,MARIBETH DONA,NEW BRUNSWICK,ATLANTIC,HOME OFFICE
Cust_1413,PAULINE JOHNSON,NEW BRUNSWICK,ATLANTIC,CORPORATE
Cust_1414,JOCASTA RUPERT,NEW BRUNSWICK,ATLANTIC,CONSUMER
Cust_1415,LAUREL ELLISTON,NEW BRUNSWICK,ATLANTIC,CORPORATE
Cust_1416,GEORGIA ROSENBERG,NEW BRUNSWICK,ATLANTIC,CONSUMER
Cust_1417,ALLEN ARMOLD,NEW BRUNSWICK,ATLANTIC,HOME OFFICE
Cust_1418,ANEMONE RATNER,NEW BRUNSWICK,ATLANTIC,SMALL BUSINESS
Cust_1419,KATHERINE HUGHES,NEW BRUNSWICK,ATLANTIC,CONSUMER
Cust_1420,TRACY COLLINS,NEW BRUNSWICK,ATLANTIC,CONSUMER
Cust_1421,LIZ MACKENDRICK,NEW BRUNSWICK,ATLANTIC,CORPORATE
Cust_1422,ALAN HWANG,NEW BRUNSWICK,ATLANTIC,CORPORATE
Cust_1423,ALAN HWANG,NEW BRUNSWICK,ATLANTIC,SMALL BUSINESS
Cust_1424,TRACY COLLINS,NEW BRUNSWICK,ATLANTIC,CORPORATE
Cust_1425,RICHARD BIERNER,NEW BRUNSWICK,ATLANTIC,SMALL BUSINESS
Cust_1426,BRUCE STEWART,NEW BRUNSWICK,ATLANTIC,CORPORATE
Cust_1427,ALEKSANDRA GANNAWAY,NEW BRUNSWICK,ATLANTIC,CORPORATE
Cust_1428,BRENDAN SWEED,NEW BRUNSWICK,ATLANTIC,CONSUMER
Cust_1429,LAUREL ELLISTON,NEW BRUNSWICK,ATLANTIC,HOME OFFICE
Cust_1430,DEAN PERCER,NEW BRUNSWICK,ATLANTIC,HOME OFFICE
Cust_1431,LISA DECHERNEY,NEW BRUNSWICK,ATLANTIC,CONSUMER
Cust_1432,DEAN PERCER,NEW BRUNSWICK,ATLANTIC,CONSUMER
Cust_1433,AIMEE BIXBY,NEW BRUNSWICK,ATLANTIC,HOME OFFICE
Cust_1434,PHILLIP BREYER,NEW BRUNSWICK,ATLANTIC,CORPORATE
Cust_1435,CRAIG YEDWAB,YUKON,YUKON,CONSUMER
Cust_1436,DARIO MEDINA,YUKON,YUKON,SMALL BUSINESS
Cust_1437,ED BRAXTON,YUKON,YUKON,CONSUMER
Cust_1438,CINDY CHAPMAN,YUKON,YUKON,CONSUMER
Cust_1439,ASHLEY JARBOE,YUKON,YUKON,HOME OFFICE
Cust_1440,BENJAMIN FARHAT,YUKON,YUKON,HOME OFFICE
Cust_1441,CINDY CHAPMAN,YUKON,YUKON,CORPORATE
Cust_1442,BRUCE DEGENHARDT,YUKON,YUKON,HOME OFFICE
Cust_1443,DIANNA VITTORINI,YUKON,YUKON,CORPORATE
Cust_1444,CINDY STEWART,YUKON,YUKON,CORPORATE
Cust_1445,ED BRAXTON,YUKON,YUKON,HOME OFFICE
Cust_1446,QUINCY JONES,YUKON,YUKON,HOME OFFICE
Cust_1447,QUINCY JONES,YUKON,YUKON,SMALL BUSINESS
Cust_1448,QUINCY JONES,YUKON,YUKON,CORPORATE
Cust_1449,ROB WILLIAMS,YUKON,YUKON,HOME OFFICE
Cust_1450,BENJAMIN PATTERSON,YUKON,YUKON,CORPORATE
Cust_1451,ANNA CHUNG,YUKON,YUKON,HOME OFFICE
Cust_1452,RICARDO BLOCK,YUKON,YUKON,CORPORATE
Cust_1453,ASHLEY JARBOE,YUKON,YUKON,SMALL BUSINESS
Cust_1454,CRAIG YEDWAB,YUKON,YUKON,CORPORATE
Cust_1455,CINDY STEWART,YUKON,YUKON,CONSUMER
Cust_1456,TRUDY BELL,YUKON,YUKON,CONSUMER
Cust_1457,BRAD THOMAS,YUKON,YUKON,HOME OFFICE
Cust_1458,BART FOLK,YUKON,YUKON,CORPORATE
Cust_1459,PAUL LUCAS,YUKON,YUKON,CORPORATE
Cust_1460,DEAN PERCER,YUKON,YUKON,HOME OFFICE
Cust_1461,ROBERT BARROSO,YUKON,YUKON,SMALL BUSINESS
Cust_1462,BRAD THOMAS,YUKON,YUKON,CORPORATE
Cust_1463,DAVID KENDRICK,YUKON,YUKON,HOME OFFICE
Cust_1464,LUKE FOSTER,YUKON,YUKON,CORPORATE
Cust_1465,MAUREEN GASTINEAU,YUKON,YUKON,CONSUMER
Cust_1466,ED JACOBS,YUKON,YUKON,SMALL BUSINESS
Cust_1467,DAVE POIRIER,YUKON,YUKON,SMALL BUSINESS
Cust_1468,ALEKSANDRA GANNAWAY,YUKON,YUKON,CORPORATE
Cust_1469,KEAN THORNTON,YUKON,YUKON,CORPORATE
Cust_1470,ROB LUCAS,YUKON,YUKON,SMALL BUSINESS
Cust_1471,NORA PAIGE,YUKON,YUKON,SMALL BUSINESS
Cust_1472,ERIC BARRETO,YUKON,YUKON,CONSUMER
Cust_1473,SARA LUXEMBURG,YUKON,YUKON,SMALL BUSINESS
Cust_1474,ADAM HART,YUKON,YUKON,CORPORATE
Cust_1475,BOBBY ELIAS,YUKON,YUKON,SMALL BUSINESS
Cust_1476,ROLAND FJELD,YUKON,YUKON,CORPORATE
Cust_1477,BILL SHONELY,YUKON,YUKON,SMALL BUSINESS
Cust_1478,DENNY ORDWAY,YUKON,YUKON,SMALL BUSINESS
Cust_1479,BILL TYLER,YUKON,YUKON,CONSUMER
Cust_1480,ALAN SCHOENBERGER,YUKON,YUKON,CORPORATE
Cust_1481,CHARLES CRESTANI,YUKON,YUKON,CONSUMER
Cust_1482,CHRISTY BRITTAIN,YUKON,YUKON,CONSUMER
Cust_1483,BRADLEY DRUCKER,YUKON,YUKON,SMALL BUSINESS
Cust_1484,BRYAN SPRUELL,YUKON,YUKON,HOME OFFICE
Cust_1485,TOM PRESCOTT,YUKON,YUKON,SMALL BUSINESS
Cust_1486,ERIC BARRETO,YUKON,YUKON,SMALL BUSINESS
Cust_1487,KARL BROWN,YUKON,YUKON,CORPORATE
Cust_1488,THOMAS THORNTON,YUKON,YUKON,CONSUMER
Cust_1489,ANTHONY GARVERICK,YUKON,YUKON,SMALL BUSINESS
Cust_1490,TAMARA WILLINGHAM,YUKON,YUKON,CORPORATE
Cust_1491,DAN CAMPBELL,YUKON,YUKON,SMALL BUSINESS
Cust_1492,THEA HENDRICKS,YUKON,YUKON,HOME OFFICE
Cust_1493,GIULIETTA DORTCH,YUKON,YUKON,CORPORATE
Cust_1494,MARK HABERLIN,YUKON,YUKON,SMALL BUSINESS
Cust_1495,EVAN HENRY,YUKON,YUKON,CORPORATE
Cust_1496,GRANT THORNTON,YUKON,YUKON,CORPORATE
Cust_1497,GIULIETTA DORTCH,YUKON,YUKON,SMALL BUSINESS
Cust_1498,ELLIS BALLARD,YUKON,YUKON,CORPORATE
Cust_1499,ERIC MURDOCK,YUKON,YUKON,HOME OFFICE
Cust_1500,JILL FJELD,YUKON,YUKON,HOME OFFICE
Cust_1501,ANNE MCFARLAND,YUKON,YUKON,CONSUMER
Cust_1502,ASTREA JONES,YUKON,YUKON,CORPORATE
Cust_1503,PETER BUHLER,YUKON,YUKON,CONSUMER
Cust_1504,DEAN KATZ,YUKON,YUKON,HOME OFFICE
Cust_1505,KAREN CARLISLE,YUKON,YUKON,CORPORATE
Cust_1506,CARLOS MEADOR,YUKON,YUKON,CORPORATE
Cust_1507,GIULIETTA DORTCH,YUKON,YUKON,CONSUMER
Cust_1508,KARL BROWN,YUKON,YUKON,HOME OFFICE
Cust_1509,JENNIFER PATT,YUKON,YUKON,HOME OFFICE
Cust_1510,CYNTHIA VOLTZ,YUKON,YUKON,CORPORATE
Cust_1511,BARRY POND,YUKON,YUKON,CONSUMER
Cust_1512,TONY MOLINARI,YUKON,YUKON,CORPORATE
Cust_1513,JULIA BARNETT,YUKON,YUKON,CORPORATE
Cust_1514,JEREMY PISTEK,YUKON,YUKON,CORPORATE
Cust_1515,CYRA REITEN,YUKON,YUKON,CONSUMER
Cust_1516,DAN CAMPBELL,YUKON,YUKON,CORPORATE
Cust_1517,BRIAN STUGART,YUKON,YUKON,CONSUMER
Cust_1518,JULIA BARNETT,YUKON,YUKON,HOME OFFICE
Cust_1519,YANA SORENSEN,YUKON,YUKON,CORPORATE
Cust_1520,JONI WASSERMAN,YUKON,YUKON,CONSUMER
Cust_1521,AARON HAWKINS,YUKON,YUKON,HOME OFFICE
Cust_1522,VICTORIA PISTEKA,YUKON,YUKON,CORPORATE
Cust_1523,DAVE KIPP,YUKON,YUKON,CORPORATE
Cust_1524,SHIRLEY JACKSON,YUKON,YUKON,CORPORATE
Cust_1525,DAVID BREMER,YUKON,YUKON,CORPORATE
Cust_1526,DEANRA ENO,YUKON,YUKON,CORPORATE
Cust_1527,ALEKSANDRA GANNAWAY,YUKON,YUKON,HOME OFFICE
Cust_1528,BRIAN STUGART,YUKON,YUKON,CORPORATE
Cust_1529,JILL MATTHIAS,YUKON,YUKON,CONSUMER
Cust_1530,TIM TASLIMI,YUKON,YUKON,CORPORATE
Cust_1531,MUHAMMED LEE,YUKON,YUKON,CORPORATE
Cust_1532,JULIANA KROHN,YUKON,YUKON,CORPORATE
Cust_1533,DARRIN SAYRE,YUKON,YUKON,CONSUMER
Cust_1534,DUANE NOONAN,YUKON,YUKON,CORPORATE
Cust_1535,PAUL VAN HUGH,YUKON,YUKON,CORPORATE
Cust_1536,JANET MARTIN,YUKON,YUKON,CORPORATE
Cust_1537,COREY ROPER,YUKON,YUKON,SMALL BUSINESS
Cust_1538,DARREN BUDD,YUKON,YUKON,HOME OFFICE
Cust_1539,DARREN BUDD,YUKON,YUKON,CONSUMER
Cust_1540,HELEN ANDREADA,YUKON,YUKON,CORPORATE
Cust_1541,NICOLE BRENNAN,YUKON,YUKON,CONSUMER
Cust_1542,IVAN LISTON,YUKON,YUKON,CONSUMER
Cust_1543,BRENDAN MURRY,YUKON,YUKON,CORPORATE
Cust_1544,AMY COX,YUKON,YUKON,CORPORATE
Cust_1545,KAREN CARLISLE,YUKON,YUKON,HOME OFFICE
Cust_1546,TRACY HOPKINS,YUKON,YUKON,SMALL BUSINESS
Cust_1547,DAVE KIPP,YUKON,YUKON,CONSUMER
Cust_1548,TOM ASHBROOK,YUKON,YUKON,HOME OFFICE
Cust_1549,NICOLE BRENNAN,YUKON,YUKON,HOME OFFICE
Cust_1550,AMY COX,YUKON,YUKON,SMALL BUSINESS
Cust_1551,BARRY WEIRICH,YUKON,YUKON,CORPORATE
Cust_1552,ALLEN ARMOLD,YUKON,YUKON,HOME OFFICE
Cust_1553,MARIS LAWARE,YUKON,YUKON,HOME OFFICE
Cust_1554,MICK BROWN,YUKON,YUKON,CONSUMER
Cust_1555,CHRIS MCAFEE,YUKON,YUKON,CONSUMER
Cust_1556,SARA LUXEMBURG,YUKON,YUKON,CORPORATE
Cust_1557,DEBORAH BRUMFIELD,YUKON,YUKON,SMALL BUSINESS
Cust_1558,JAY FINE,YUKON,YUKON,CONSUMER
Cust_1559,BENJAMIN VENIER,YUKON,YUKON,SMALL BUSINESS
Cust_1560,SPEROS GORANITIS,YUKON,YUKON,CORPORATE
Cust_1561,PETE KRIZ,YUKON,YUKON,CORPORATE
Cust_1562,IRENE MADDOX,YUKON,YUKON,CONSUMER
Cust_1563,PATRICK BZOSTEK,YUKON,YUKON,CONSUMER
Cust_1564,MUHAMMED LEE,YUKON,YUKON,CONSUMER
Cust_1565,PETE KRIZ,BRITISH COLUMBIA,WEST,CORPORATE
Cust_1566,MARK HABERLIN,BRITISH COLUMBIA,WEST,SMALL BUSINESS
Cust_1567,EMILY BURNS,BRITISH COLUMBIA,WEST,HOME OFFICE
Cust_1568,DAVE KIPP,BRITISH COLUMBIA,WEST,CONSUMER
Cust_1569,DOUG O'CONNELL,BRITISH COLUMBIA,WEST,SMALL BUSINESS
Cust_1570,COREY LOCK,BRITISH COLUMBIA,WEST,HOME OFFICE
Cust_1571,KAREN CARLISLE,BRITISH COLUMBIA,WEST,CORPORATE
Cust_1572,MICK BROWN,BRITISH COLUMBIA,WEST,CONSUMER
Cust_1573,DEBORAH BRUMFIELD,BRITISH COLUMBIA,WEST,SMALL BUSINESS
Cust_1574,NICOLE BRENNAN,BRITISH COLUMBIA,WEST,HOME OFFICE
Cust_1575,JAY FINE,BRITISH COLUMBIA,WEST,CONSUMER
Cust_1576,JULIANA KROHN,BRITISH COLUMBIA,WEST,SMALL BUSINESS
Cust_1577,YANA SORENSEN,BRITISH COLUMBIA,WEST,CORPORATE
Cust_1578,BRADLEY DRUCKER,BRITISH COLUMBIA,WEST,SMALL BUSINESS
Cust_1579,ADAM HART,BRITISH COLUMBIA,WEST,CORPORATE
Cust_1580,BENJAMIN VENIER,BRITISH COLUMBIA,WEST,SMALL BUSINESS
Cust_1581,IVAN LISTON,BRITISH COLUMBIA,WEST,CONSUMER
Cust_1582,SARA LUXEMBURG,BRITISH COLUMBIA,WEST,SMALL BUSINESS
Cust_1583,TOM ASHBROOK,BRITISH COLUMBIA,WEST,HOME OFFICE
Cust_1584,JONI WASSERMAN,BRITISH COLUMBIA,WEST,CONSUMER
Cust_1585,ERIC MURDOCK,BRITISH COLUMBIA,WEST,HOME OFFICE
Cust_1586,BRAD THOMAS,BRITISH COLUMBIA,WEST,HOME OFFICE
Cust_1587,VICTORIA PISTEKA,BRITISH COLUMBIA,WEST,CORPORATE
Cust_1588,BARRY POND,BRITISH COLUMBIA,WEST,CONSUMER
Cust_1589,CHRIS MCAFEE,BRITISH COLUMBIA,WEST,CONSUMER
Cust_1590,KAREN CARLISLE,BRITISH COLUMBIA,WEST,HOME OFFICE
Cust_1591,BART FOLK,BRITISH COLUMBIA,WEST,CORPORATE
Cust_1592,BARRY WEIRICH,BRITISH COLUMBIA,WEST,CORPORATE
Cust_1593,MICHAEL STEWART,BRITISH COLUMBIA,WEST,SMALL BUSINESS
Cust_1594,DAVE POIRIER,BRITISH COLUMBIA,WEST,SMALL BUSINESS
Cust_1595,ALEKSANDRA GANNAWAY,BRITISH COLUMBIA,WEST,HOME OFFICE
Cust_1596,BRYAN SPRUELL,BRITISH COLUMBIA,WEST,HOME OFFICE
Cust_1597,CHRISTY BRITTAIN,BRITISH COLUMBIA,WEST,CONSUMER
Cust_1598,HAROLD DAHLEN,BRITISH COLUMBIA,WEST,CONSUMER
Cust_1599,BOBBY TRAFTON,BRITISH COLUMBIA,WEST,SMALL BUSINESS
Cust_1600,SPEROS GORANITIS,BRITISH COLUMBIA,WEST,CORPORATE
Cust_1601,GRANT THORNTON,BRITISH COLUMBIA,WEST,CORPORATE
Cust_1602,TOM PRESCOTT,BRITISH COLUMBIA,WEST,SMALL BUSINESS
Cust_1603,ALAN SCHOENBERGER,BRITISH COLUMBIA,WEST,CORPORATE
Cust_1604,PATRICK BZOSTEK,BRITISH COLUMBIA,WEST,CONSUMER
Cust_1605,TAMARA WILLINGHAM,BRITISH COLUMBIA,WEST,CORPORATE
Cust_1606,DENNY ORDWAY,BRITISH COLUMBIA,WEST,SMALL BUSINESS
Cust_1607,ROLAND FJELD,BRITISH COLUMBIA,WEST,CORPORATE
Cust_1608,ELIZABETH MOFFITT,BRITISH COLUMBIA,WEST,CONSUMER
Cust_1609,DAVID KENDRICK,BRITISH COLUMBIA,WEST,HOME OFFICE
Cust_1610,JULIA BARNETT,BRITISH COLUMBIA,WEST,HOME OFFICE
Cust_1611,SHIRLEY JACKSON,BRITISH COLUMBIA,WEST,CORPORATE
Cust_1612,BRENDAN MURRY,BRITISH COLUMBIA,WEST,CORPORATE
Cust_1613,JENNIFER PATT,BRITISH COLUMBIA,WEST,HOME OFFICE
Cust_1614,JEREMY PISTEK,BRITISH COLUMBIA,WEST,CORPORATE
Cust_1615,DAVID BREMER,BRITISH COLUMBIA,WEST,CORPORATE
Cust_1616,NORA PAIGE,BRITISH COLUMBIA,WEST,SMALL BUSINESS
Cust_1617,BOBBY TRAFTON,BRITISH COLUMBIA,WEST,CORPORATE
Cust_1618,ALEJANDRO SAVELY,BRITISH COLUMBIA,WEST,CORPORATE
Cust_1619,CHARLES CRESTANI,BRITISH COLUMBIA,WEST,CONSUMER
Cust_1620,MUHAMMED LEE,BRITISH COLUMBIA,WEST,CORPORATE
Cust_1621,MAUREEN GASTINEAU,BRITISH COLUMBIA,WEST,CONSUMER
Cust_1622,BERENIKE KAMPE,BRITISH COLUMBIA,WEST,CORPORATE
Cust_1623,BOBBY ELIAS,BRITISH COLUMBIA,WEST,SMALL BUSINESS
Cust_1624,NOEL STAAVOS,BRITISH COLUMBIA,WEST,HOME OFFICE
Cust_1625,DAMALA KOTSONIS,BRITISH COLUMBIA,WEST,CORPORATE
Cust_1626,JILL MATTHIAS,BRITISH COLUMBIA,WEST,CONSUMER
Cust_1627,TIM TASLIMI,BRITISH COLUMBIA,WEST,CORPORATE
Cust_1628,COREY CATLETT,BRITISH COLUMBIA,WEST,HOME OFFICE
Cust_1629,HAROLD DAHLEN,BRITISH COLUMBIA,WEST,CORPORATE
Cust_1630,DAN CAMPBELL,BRITISH COLUMBIA,WEST,SMALL BUSINESS
Cust_1631,MARIS LAWARE,BRITISH COLUMBIA,WEST,HOME OFFICE
Cust_1632,MARK PACKER,BRITISH COLUMBIA,WEST,SMALL BUSINESS
Cust_1633,JULIANA KROHN,BRITISH COLUMBIA,WEST,CORPORATE
Cust_1634,BILL SHONELY,BRITISH COLUMBIA,WEST,SMALL BUSINESS
Cust_1635,DEBRA CATINI,BRITISH COLUMBIA,WEST,SMALL BUSINESS
Cust_1636,EMILY PHAN,BRITISH COLUMBIA,WEST,CONSUMER
Cust_1637,KEITH HERRERA,BRITISH COLUMBIA,WEST,SMALL BUSINESS
Cust_1638,TONY MOLINARI,BRITISH COLUMBIA,WEST,CORPORATE
Cust_1639,RICK HUTHWAITE,BRITISH COLUMBIA,WEST,CORPORATE
Cust_1640,GEORGE ZREBASSA,BRITISH COLUMBIA,WEST,HOME OFFICE
Cust_1641,AARON HAWKINS,BRITISH COLUMBIA,WEST,HOME OFFICE
Cust_1642,DAN CAMPBELL,BRITISH COLUMBIA,WEST,CORPORATE
Cust_1643,TAMARA WILLINGHAM,BRITISH COLUMBIA,WEST,HOME OFFICE
Cust_1644,NICOLE BRENNAN,BRITISH COLUMBIA,WEST,CONSUMER
Cust_1645,PAUL VAN HUGH,BRITISH COLUMBIA,WEST,CONSUMER
Cust_1646,CYRA REITEN,BRITISH COLUMBIA,WEST,CONSUMER
Cust_1647,HELEN ANDREADA,BRITISH COLUMBIA,WEST,CORPORATE
Cust_1648,CHRIS CORTES,BRITISH COLUMBIA,WEST,CONSUMER
Cust_1649,KATHERINE DUCICH,BRITISH COLUMBIA,WEST,CORPORATE
Cust_1650,THOMAS THORNTON,BRITISH COLUMBIA,WEST,CONSUMER
Cust_1651,IRENE MADDOX,BRITISH COLUMBIA,WEST,CONSUMER
Cust_1652,ALLEN ARMOLD,BRITISH COLUMBIA,WEST,HOME OFFICE
Cust_1653,ERIC BARRETO,BRITISH COLUMBIA,WEST,CONSUMER
Cust_1654,RAYMOND FAIR,BRITISH COLUMBIA,WEST,SMALL BUSINESS
Cust_1655,TRACY HOPKINS,BRITISH COLUMBIA,WEST,SMALL BUSINESS
Cust_1656,NATALIE WEBBER,BRITISH COLUMBIA,WEST,CORPORATE
Cust_1657,BRAD THOMAS,BRITISH COLUMBIA,WEST,CORPORATE
Cust_1658,KEAN THORNTON,BRITISH COLUMBIA,WEST,CORPORATE
Cust_1659,ALYSSA TATE,BRITISH COLUMBIA,WEST,SMALL BUSINESS
Cust_1660,JULIA BARNETT,BRITISH COLUMBIA,WEST,CORPORATE
Cust_1661,ANNE MCFARLAND,BRITISH COLUMBIA,WEST,CONSUMER
Cust_1662,THEA HENDRICKS,BRITISH COLUMBIA,WEST,HOME OFFICE
Cust_1663,NATALIE WEBBER,BRITISH COLUMBIA,WEST,CONSUMER
Cust_1664,ERIC BARRETO,BRITISH COLUMBIA,WEST,SMALL BUSINESS
Cust_1665,ED JACOBS,BRITISH COLUMBIA,WEST,SMALL BUSINESS
Cust_1666,DEAN KATZ,BRITISH COLUMBIA,WEST,HOME OFFICE
Cust_1667,GIULIETTA DORTCH,BRITISH COLUMBIA,WEST,SMALL BUSINESS
Cust_1668,MUHAMMED LEE,BRITISH COLUMBIA,WEST,CONSUMER
Cust_1669,ART FOSTER,BRITISH COLUMBIA,WEST,HOME OFFICE
Cust_1670,EUGENE MOREN,BRITISH COLUMBIA,WEST,HOME OFFICE
Cust_1671,CAROL DARLEY,BRITISH COLUMBIA,WEST,SMALL BUSINESS
Cust_1672,MARIBETH DONA,BRITISH COLUMBIA,WEST,HOME OFFICE
Cust_1673,FRED HARTON,BRITISH COLUMBIA,WEST,HOME OFFICE
Cust_1674,ANDREW ALLEN,BRITISH COLUMBIA,WEST,CORPORATE
Cust_1675,ART MILLER,BRITISH COLUMBIA,WEST,CORPORATE
Cust_1676,SCOTT COHEN,BRITISH COLUMBIA,WEST,CONSUMER
Cust_1677,LAUREN LEATHERBURY,BRITISH COLUMBIA,WEST,CORPORATE
Cust_1678,GREG MATTHIAS,BRITISH COLUMBIA,WEST,HOME OFFICE
Cust_1679,CYNTHIA DELANEY,BRITISH COLUMBIA,WEST,CORPORATE
Cust_1680,ANTHONY RAWLES,BRITISH COLUMBIA,WEST,SMALL BUSINESS
Cust_1681,LAUREN LEATHERBURY,BRITISH COLUMBIA,WEST,HOME OFFICE
Cust_1682,BARRY BLUMSTEIN,BRITISH COLUMBIA,WEST,SMALL BUSINESS
Cust_1683,EVA JACOBS,BRITISH COLUMBIA,WEST,HOME OFFICE
Cust_1684,CAROL DARLEY,BRITISH COLUMBIA,WEST,HOME OFFICE
Cust_1685,DUANE NOONAN,BRITISH COLUMBIA,WEST,CORPORATE
Cust_1686,GREG MATTHIAS,BRITISH COLUMBIA,WEST,SMALL BUSINESS
Cust_1687,SANJIT JACOBS,BRITISH COLUMBIA,WEST,CONSUMER
Cust_1688,KEN LONSDALE,BRITISH COLUMBIA,WEST,CONSUMER
Cust_1689,CHRISTOPHER MARTINEZ,BRITISH COLUMBIA,WEST,HOME OFFICE
Cust_1690,RICARDO BLOCK,ALBERTA,WEST,CORPORATE
Cust_1691,ROGER BARCIO,ALBERTA,WEST,CORPORATE
Cust_1692,SUNG PAK,ALBERTA,WEST,SMALL BUSINESS
Cust_1693,TIM BROCKMAN,ALBERTA,WEST,CONSUMER
Cust_1694,VICTORIA PISTEKA,ALBERTA,WEST,CORPORATE
Cust_1695,SUNG CHUNG,ALBERTA,WEST,HOME OFFICE
Cust_1696,RESI POLKING,ALBERTA,WEST,SMALL BUSINESS
Cust_1697,ROGER DEMIR,ALBERTA,WEST,CONSUMER
Cust_1698,TAMARA MANNING,ALBERTA,WEST,CORPORATE
Cust_1699,SUE ANN REED,ALBERTA,WEST,CONSUMER
Cust_1700,JOHN MURRAY,ALBERTA,WEST,SMALL BUSINESS
Cust_1701,SHAUN CHANCE,ALBERTA,WEST,CORPORATE
Cust_1702,DARREN POWERS,ALBERTA,WEST,CORPORATE
Cust_1703,PENELOPE SEWALL,ALBERTA,WEST,HOME OFFICE
Cust_1704,MIKE PELLETIER,ALBERTA,WEST,CORPORATE
Cust_1705,TOM PRESCOTT,ALBERTA,WEST,SMALL BUSINESS
Cust_1706,SHARELLE ROACH,ALBERTA,WEST,HOME OFFICE
Cust_1707,PAULINE WEBBER,ALBERTA,WEST,CONSUMER
Cust_1708,QUINCY JONES,ALBERTA,WEST,SMALL BUSINESS
Cust_1709,LINDSAY CASTELL,ALBERTA,WEST,SMALL BUSINESS
Cust_1710,ADAM BELLAVANCE,ALBERTA,WEST,SMALL BUSINESS
Cust_1711,KEN DANA,ALBERTA,WEST,CORPORATE
Cust_1712,KEN DANA,ALBERTA,WEST,SMALL BUSINESS
Cust_1713,LINDSAY CASTELL,ALBERTA,WEST,CORPORATE
Cust_1714,LAUREL WORKMAN,ALBERTA,WEST,HOME OFFICE
Cust_1715,LISA RYAN,ALBERTA,WEST,HOME OFFICE
Cust_1716,MAX ENGLE,ALBERTA,WEST,CORPORATE
Cust_1717,HELEN WASSERMAN,ALBERTA,WEST,HOME OFFICE
Cust_1718,JULIA DUNBAR,ALBERTA,WEST,CONSUMER
Cust_1719,CARL WEISS,ALBERTA,WEST,CONSUMER
Cust_1720,CHUCK CLARK,ALBERTA,WEST,CORPORATE
Cust_1721,DARREN KOUTRAS,ALBERTA,WEST,CONSUMER
Cust_1722,ROLAND MURRAY,ALBERTA,WEST,HOME OFFICE
Cust_1723,DANIEL BYRD,ALBERTA,WEST,HOME OFFICE
Cust_1724,BOBBY ODEGARD,ALBERTA,WEST,CORPORATE
Cust_1725,CHLORIS KASTENSMIDT,ALBERTA,WEST,CONSUMER
Cust_1726,BOBBY ODEGARD,ALBERTA,WEST,CONSUMER
Cust_1727,ARTHUR GAINER,ALBERTA,WEST,CONSUMER
Cust_1728,LISA HAZARD,ALBERTA,WEST,HOME OFFICE
Cust_1729,MITCH GASTINEAU,ALBERTA,WEST,SMALL BUSINESS
Cust_1730,KATHARINE HARMS,ALBERTA,WEST,CONSUMER
Cust_1731,MATTHEW GRINSTEIN,ALBERTA,WEST,SMALL BUSINESS
Cust_1732,CATHY PRESCOTT,ALBERTA,WEST,CORPORATE
Cust_1733,LAUREN LEATHERBURY,ALBERTA,WEST,CORPORATE
Cust_1734,LAUREN LEATHERBURY,ALBERTA,WEST,HOME OFFICE
Cust_1735,MITCH GASTINEAU,ALBERTA,WEST,CORPORATE
Cust_1736,QUINCY JONES,ALBERTA,WEST,CORPORATE
Cust_1737,MARIA ETEZADI,ALBERTA,WEST,HOME OFFICE
Cust_1738,CARI MACINTYRE,ALBERTA,WEST,CORPORATE
Cust_1739,SAMPLE COMPANY A,ALBERTA,WEST,HOME OFFICE
Cust_1740,MARIA ZETTNER,ALBERTA,WEST,CORPORATE
Cust_1741,SONIA COOLEY,ALBERTA,WEST,CORPORATE
Cust_1742,SIBELLA PARKS,ALBERTA,WEST,SMALL BUSINESS
Cust_1743,HALLIE REDMOND,ALBERTA,WEST,HOME OFFICE
Cust_1744,HAROLD DAHLEN,ALBERTA,WEST,CORPORATE
Cust_1745,HALLIE REDMOND,ALBERTA,WEST,SMALL BUSINESS
Cust_1746,BECKY PAK,ALBERTA,WEST,CORPORATE
Cust_1747,HAROLD DAHLEN,ALBERTA,WEST,CONSUMER
Cust_1748,CLYTIE KELTY,ALBERTA,WEST,SMALL BUSINESS
Cust_1749,ADAM SHILLINGSBURG,ALBERTA,WEST,CORPORATE
Cust_1750,BROOKE GILLINGHAM,ALBERTA,WEST,SMALL BUSINESS
Cust_1751,TOM BOECKENHAUER,ALBERTA,WEST,CORPORATE
Cust_1752,ALEX RUSSELL,ALBERTA,WEST,HOME OFFICE
Cust_1753,ALEJANDRO BALLENTINE,ALBERTA,WEST,SMALL BUSINESS
Cust_1754,CLAIRE GOOD,ALBERTA,WEST,HOME OFFICE
Cust_1755,TRUDY BELL,ALBERTA,WEST,CONSUMER
Cust_1756,ALYSSA CROUSE,ALBERTA,WEST,CORPORATE
Cust_1757,CASSANDRA BRANDOW,ALBERTA,WEST,HOME OFFICE
Cust_1758,ADRIAN BARTON,ALBERTA,WEST,SMALL BUSINESS
Cust_1759,CATHERINE GLOTZBACH,ALBERTA,WEST,HOME OFFICE
Cust_1760,JENNA CAFFEY,ALBERTA,WEST,CONSUMER
Cust_1761,ROSE O'BRIAN,ALBERTA,WEST,HOME OFFICE
Cust_1762,VALERIE TAKAHITO,ALBERTA,WEST,CONSUMER
Cust_1763,RICK WILSON,ALBERTA,WEST,CONSUMER
Cust_1764,FRANK OLSEN,ALBERTA,WEST,SMALL BUSINESS
Cust_1765,RICK WILSON,ALBERTA,WEST,CORPORATE
Cust_1766,ERICA HACKNEY,ALBERTA,WEST,SMALL BUSINESS
Cust_1767,ALYSSA CROUSE,ALBERTA,WEST,HOME OFFICE
Cust_1768,KEN LONSDALE,ALBERTA,WEST,CONSUMER
Cust_1769,CARI SAYRE,ALBERTA,WEST,CORPORATE
Cust_1770,ALICE MCCARTHY,ALBERTA,WEST,CORPORATE
Cust_1771,FRANK MERWIN,ALBERTA,WEST,CONSUMER
Cust_1772,ANNIE THURMAN,ALBERTA,WEST,CONSUMER
Cust_1773,BRUCE MONEY,ALBERTA,WEST,CORPORATE
Cust_1774,KELLY WILLIAMS,ALBERTA,WEST,CORPORATE
Cust_1775,DANIEL LACY,ALBERTA,WEST,SMALL BUSINESS
Cust_1776,ANNIE THURMAN,ALBERTA,WEST,HOME OFFICE
Cust_1777,GEORGIA ROSENBERG,ALBERTA,WEST,CONSUMER
Cust_1778,CRAIG CARROLL,ALBERTA,WEST,CORPORATE
Cust_1779,CRAIG CARROLL,ALBERTA,WEST,SMALL BUSINESS
Cust_1780,CRAIG LESLIE,ALBERTA,WEST,CONSUMER
Cust_1781,EMILY GRADY,ALBERTA,WEST,HOME OFFICE
Cust_1782,LARRY TRON,ALBERTA,WEST,HOME OFFICE
Cust_1783,BRIAN DECHERNEY,ALBERTA,WEST,CORPORATE
Cust_1784,ANN STEELE,ALBERTA,WEST,CORPORATE
Cust_1785,CARI SAYRE,ALBERTA,WEST,HOME OFFICE
Cust_1786,LARRY TRON,ALBERTA,WEST,CORPORATE
Cust_1787,HAROLD PAWLAN,ALBERTA,WEST,SMALL BUSINESS
Cust_1788,FRANK MERWIN,ALBERTA,WEST,CORPORATE
Cust_1789,ANTHONY JACOBS,ALBERTA,WEST,HOME OFFICE
Cust_1790,KATRINA EDELMAN,ALBERTA,WEST,CORPORATE
Cust_1791,GRACE KELLY,ALBERTA,WEST,CONSUMER
Cust_1792,FRANK GASTINEAU,ALBERTA,WEST,SMALL BUSINESS
Cust_1793,RUBEN DARTT,ALBERTA,WEST,CORPORATE
Cust_1794,LIZ PELLETIER,ALBERTA,WEST,CORPORATE
Cust_1795,TONY SAYRE,ALBERTA,WEST,SMALL BUSINESS
Cust_1796,ROY PHAN,ALBERTA,WEST,CONSUMER
Cust_1797,CLAY CHEATHAM,ALBERTA,WEST,SMALL BUSINESS
Cust_1798,YOSEPH CARROLL,ALBERTA,WEST,CONSUMER
Cust_1799,RAYMOND BOOK,ALBERTA,WEST,CONSUMER
Cust_1800,ALAN DOMINGUEZ,ALBERTA,WEST,CORPORATE
Cust_1801,STEPHANIE PHELPS,ALBERTA,WEST,CONSUMER
Cust_1802,ADRIAN HANE,ALBERTA,WEST,CORPORATE
Cust_1803,TONJA TURNELL,ALBERTA,WEST,CONSUMER
Cust_1804,BRENDAN SWEED,ALBERTA,WEST,CONSUMER
Cust_1805,TONY SAYRE,ALBERTA,WEST,HOME OFFICE
Cust_1806,JIM KARLSSON,ALBERTA,WEST,SMALL BUSINESS
Cust_1807,ROY PHAN,ALBERTA,WEST,CORPORATE
Cust_1808,STEVEN ROELLE,ALBERTA,WEST,SMALL BUSINESS
Cust_1809,CHRISTOPHER CONANT,ALBERTA,WEST,CONSUMER
Cust_1810,ANDREW ROBERTS,ALBERTA,WEST,HOME OFFICE
Cust_1811,CYMA KINNEY,ALBERTA,WEST,SMALL BUSINESS
Cust_1812,CHRISTINE ABELMAN,ALBERTA,WEST,CORPORATE
Cust_1813,ERICA SMITH,ALBERTA,WEST,SMALL BUSINESS
Cust_1814,CHRISTOPHER CONANT,ALBERTA,WEST,HOME OFFICE
Cust_1815,SARAH BROWN,ALBERTA,WEST,CONSUMER
Cust_1816,SHUI TOM,ALBERTA,WEST,HOME OFFICE
Cust_1817,FRANK HAWLEY,ALBERTA,WEST,HOME OFFICE
Cust_1818,AARON BERGMAN,ALBERTA,WEST,CORPORATE
Cust_1819,VICTORIA BRENNAN,ALBERTA,WEST,SMALL BUSINESS
Cust_1820,ADRIAN SHAMI,ALBERTA,WEST,CONSUMER
Cust_1821,PHILLINA OBER,ALBERTA,WEST,SMALL BUSINESS
Cust_1822,ANDREW ROBERTS,ALBERTA,WEST,SMALL BUSINESS
Cust_1823,JEREMY LONSDALE,ALBERTA,WEST,CORPORATE
Cust_1824,SHUI TOM,ALBERTA,WEST,CONSUMER
Cust_1825,ANDY YOTOV,ALBERTA,WEST,CORPORATE
Cust_1826,NICOLE BRENNAN,ALBERTA,WEST,HOME OFFICE
Cust_1827,JESSICA MYRICK,ALBERTA,WEST,SMALL BUSINESS
Cust_1828,NICOLE BRENNAN,ALBERTA,WEST,CONSUMER
Cust_1829,JASON FORTUNE,ALBERTA,WEST,CORPORATE
Cust_1830,HARRY GREENE,ALBERTA,WEST,CORPORATE
Cust_1831,GRANT DONATELLI,ALBERTA,WEST,CONSUMER
Cust_1832,MICK BROWN,ALBERTA,WEST,CONSUMER